10101,Amazonas,Chachapoyas,Chachapoyas,Chachapoyas
10102,Amazonas,Chachapoyas,Asunción,Asuncion
10103,Amazonas,Chachapoyas,Balsas,Balsas
10104,Amazonas,Chachapoyas,Cheto,Cheto
10105,Amazonas,Chachapoyas,Chiliquín,Chiliquin
10106,Amazonas,Chachapoyas,Chuquibamba,Chuquibamba
10107,Amazonas,Chachapoyas,Granada,Granada
10108,Amazonas,Chachapoyas,Huancas,Huancas
10109,Amazonas,Chachapoyas,La Jalca,La Jalca
10110,Amazonas,Chachapoyas,Leimebamba,Leimebamba
10111,Amazonas,Chachapoyas,Levanto,Levanto
10112,Amazonas,Chachapoyas,Magdalena,Magdalena
10113,Amazonas,Chachapoyas,Duraznopampa,Mariscal Castilla
10114,Amazonas,Chachapoyas,Molinopampa,Molinopampa
10115,Amazonas,Chachapoyas,Montevideo,Montevideo
10116,Amazonas,Chachapoyas,Olleros,Olleros
10117,Amazonas,Chachapoyas,Quinjalca,Quinjalca
10118,Amazonas,Chachapoyas,Daguas,San Francisco De Daguas
10119,Amazonas,Chachapoyas,Maino,San Isidro De Maino
10120,Amazonas,Chachapoyas,Soloco,Soloco
10121,Amazonas,Chachapoyas,San Juan de Sonche,Sonche
10205,Amazonas,Bagua,Bagua,Bagua
10202,Amazonas,Bagua,Aramango,Aramango
10203,Amazonas,Bagua,Copallín,Copallin
10204,Amazonas,Bagua,El Parco,El Parco
10206,Amazonas,Bagua,Chiriaco,Imaza
10201,Amazonas,Bagua,La Peca,La Peca
10301,Amazonas,Bongara,Jumbilla,Jumbilla
10304,Amazonas,Bongara,Chisquilla,Chisquilla
10305,Amazonas,Bongara,Churuja,Churuja
10302,Amazonas,Bongara,Corosha,Corosha
10303,Amazonas,Bongara,Cuispes,Cuispes
10306,Amazonas,Bongara,Florida (Pomacochas),Florida
10312,Amazonas,Bongara,Pedro Ruiz Gallo,Jazan
10307,Amazonas,Bongara,Recta,Recta
10308,Amazonas,Bongara,San Carlos,San Carlos
10309,Amazonas,Bongara,Shipasbamba,Shipasbamba
10310,Amazonas,Bongara,Valera (San Pablo),Valera
10311,Amazonas,Bongara,Yambrasbamba,Yambrasbamba
10601,Amazonas,Condorcanqui,Santa María de Nieva,Nieva
10603,Amazonas,Condorcanqui,Huampami,El Cenepa
10602,Amazonas,Condorcanqui,Puerto Galilea,Rio Santiago
10401,Amazonas,Luya,Lámud,Lamud
10402,Amazonas,Luya,Camporredondo,Camporredondo
10403,Amazonas,Luya,Cocabamba,Cocabamba
10404,Amazonas,Luya,Colcamar,Colcamar
10405,Amazonas,Luya,Cohechan,Conila
10406,Amazonas,Luya,Inguilpata,Inguilpata
10407,Amazonas,Luya,Longuita,Longuita
10408,Amazonas,Luya,Lonya Chico,Lonya Chico
10409,Amazonas,Luya,Luya,Luya
10410,Amazonas,Luya,Luya Viejo,Luya Viejo
10411,Amazonas,Luya,María,Maria
10412,Amazonas,Luya,Ocalli,Ocalli
10413,Amazonas,Luya,Collonce,Ocumal
10414,Amazonas,Luya,Yomblon,Pisuquia
10423,Amazonas,Luya,Providencia,Providencia
10415,Amazonas,Luya,Olto,San Cristobal
10416,Amazonas,Luya,San Francisco del Yeso,San Francisco Del Yeso
10417,Amazonas,Luya,Paclas,San Jeronimo
10418,Amazonas,Luya,"San Juan de
 Lopecancha",San Juan De Lopecancha
10419,Amazonas,Luya,Santa Catalina,Santa Catalina
10420,Amazonas,Luya,Santo Tomás,Santo Tomas
10421,Amazonas,Luya,Tingo,Tingo
10422,Amazonas,Luya,Trita,Trita
10501,Amazonas,Rodriguez De Mendoza,Mendoza,San Nicolas
10503,Amazonas,Rodriguez De Mendoza,Chirimoto,Chirimoto
10502,Amazonas,Rodriguez De Mendoza,Cochamal,Cochamal
10504,Amazonas,Rodriguez De Mendoza,Huambo,Huambo
10505,Amazonas,Rodriguez De Mendoza,Limabamba,Limabamba
10506,Amazonas,Rodriguez De Mendoza,Longar,Longar
10508,Amazonas,Rodriguez De Mendoza,Mariscal Benavides,Mariscal Benavides
10507,Amazonas,Rodriguez De Mendoza,Milpuc,Milpuc
10509,Amazonas,Rodriguez De Mendoza,Omia,Omia
10510,Amazonas,Rodriguez De Mendoza,"Santa Rosa
 Huayabamba",Santa Rosa
10511,Amazonas,Rodriguez De Mendoza,Totora,Totora
10512,Amazonas,Rodriguez De Mendoza,Vista Alegre,Vista Alegre
10701,Amazonas,Utcubamba,Bagua Grande,Bagua Grande
10702,Amazonas,Utcubamba,Cajaruro,Cajaruro
10703,Amazonas,Utcubamba,Cumba,Cumba
10704,Amazonas,Utcubamba,El Milagro,El Milagro
10705,Amazonas,Utcubamba,Jamalca,Jamalca
10706,Amazonas,Utcubamba,Lonya Grande,Lonya Grande
10707,Amazonas,Utcubamba,Yamón,Yamon
20101,Ancash,Huaraz,Huaraz,Huaraz
20103,Ancash,Huaraz,Cochabamba,Cochabamba
20104,Ancash,Huaraz,Colcabamba,Colcabamba
20105,Ancash,Huaraz,Huanchay,Huanchay
20102,Ancash,Huaraz,Centenario,Independencia
20106,Ancash,Huaraz,Jangas,Jangas
20107,Ancash,Huaraz,Cajamarquilla,La Libertad
20108,Ancash,Huaraz,Olleros,Olleros
20109,Ancash,Huaraz,Pampas Grande,Pampas
20110,Ancash,Huaraz,Pariacoto,Pariacoto
20111,Ancash,Huaraz,Pira,Pira
20112,Ancash,Huaraz,Tarica,Tarica
20201,Ancash,Aija,Aija,Aija
20203,Ancash,Aija,Coris,Coris
20205,Ancash,Aija,Huacllán,Huacllan
20206,Ancash,Aija,La Merced,La Merced
20208,Ancash,Aija,Succha,Succha
21601,Ancash,Antonio Raymondi,Llamellín,Llamellin
21602,Ancash,Antonio Raymondi,Aczo,Aczo
21603,Ancash,Antonio Raymondi,Chaccho,Chaccho
21604,Ancash,Antonio Raymondi,Chingas,Chingas
21605,Ancash,Antonio Raymondi,Mirgas,Mirgas
21606,Ancash,Antonio Raymondi,San Juan de Rontoy,San Juan De Rontoy
21801,Ancash,Asuncion,Chacas,Chacas
21802,Ancash,Asuncion,Acochaca,Acochaca
20301,Ancash,Bolognesi,Chiquián,Chiquian
20302,Ancash,Bolognesi,Llaclla,Abelardo Pardo Lezameta
20321,Ancash,Bolognesi,Raquia,Antonio Raymondi
20304,Ancash,Bolognesi,Aquia,Aquia
20305,Ancash,Bolognesi,Cajacay,Cajacay
20322,Ancash,Bolognesi,Canis,Canis
20323,Ancash,Bolognesi,Chasquitambo,Colquioc
20325,Ancash,Bolognesi,Huallanca,Huallanca
20311,Ancash,Bolognesi,Huasta,Huasta
20310,Ancash,Bolognesi,Huayllacayán,Huayllacayan
20324,Ancash,Bolognesi,Gorgorillo,La Primavera
20313,Ancash,Bolognesi,Mangas,Mangas
20315,Ancash,Bolognesi,Pacllón,Pacllon
20317,Ancash,Bolognesi,Corpanqui,San Miguel De Corpanqui
20320,Ancash,Bolognesi,Ticllos,Ticllos
20401,Ancash,Carhuaz,Carhuaz,Carhuaz
20402,Ancash,Carhuaz,Acopampa,Acopampa
20403,Ancash,Carhuaz,Amashca,Amashca
20404,Ancash,Carhuaz,Anta,Anta
20405,Ancash,Carhuaz,Carhuac,Ataquero
20406,Ancash,Carhuaz,Marcará,Marcara
20407,Ancash,Carhuaz,Pariahuanca,Pariahuanca
20408,Ancash,Carhuaz,Aco,San Miguel De Aco
20409,Ancash,Carhuaz,Shilla,Shilla
20410,Ancash,Carhuaz,Tinco,Tinco
20411,Ancash,Carhuaz,Yungar,Yungar
21701,Ancash,Carlos Fermin Fitzcarrald,San Luis,San Luis
21703,Ancash,Carlos Fermin Fitzcarrald,San Nicolás,San Nicolas
21702,Ancash,Carlos Fermin Fitzcarrald,Yauya,Yauya
20501,Ancash,Casma,Casma,Casma
20502,Ancash,Casma,Buena Vista Alta,Buena Vista Alta
20503,Ancash,Casma,Puerto Casma,Comandante Noel
20505,Ancash,Casma,Yaután,Yautan
20601,Ancash,Corongo,Corongo,Corongo
20602,Ancash,Corongo,Aco,Aco
20603,Ancash,Corongo,Bambas,Bambas
20604,Ancash,Corongo,Cusca,Cusca
20605,Ancash,Corongo,La Pampa,La Pampa
20606,Ancash,Corongo,Yánac,Yanac
20607,Ancash,Corongo,Yupán,Yupan
20801,Ancash,Huari,Huari,Huari
20816,Ancash,Huari,Anra,Anra
20802,Ancash,Huari,Cajay,Cajay
20803,Ancash,Huari,Chavín de Huántar,Chavin De Huantar
20804,Ancash,Huari,Huacachi,Huacachi
20806,Ancash,Huari,Huacchis,Huacchis
20805,Ancash,Huari,Huachis,Huachis
20807,Ancash,Huari,Huántar,Huantar
20808,Ancash,Huari,Masín,Masin
20809,Ancash,Huari,Paucas,Paucas
20810,Ancash,Huari,Ponto,Ponto
20811,Ancash,Huari,Rahuapampa,Rahuapampa
20812,Ancash,Huari,Rapayán,Rapayan
20813,Ancash,Huari,San Marcos,San Marcos
20814,Ancash,Huari,Chana,San Pedro De Chana
20815,Ancash,Huari,Uco,Uco
21901,Ancash,Huarmey,Huarmey,Huarmey
21902,Ancash,Huarmey,Cochapeti,Cochapeti
21905,Ancash,Huarmey,La Caleta Culebras,Culebras
21903,Ancash,Huarmey,Huayán,Huayan
21904,Ancash,Huarmey,Malvas,Malvas
20701,Ancash,Huaylas,Caraz,Caraz
20702,Ancash,Huaylas,Huallanca,Huallanca
20703,Ancash,Huaylas,Huata,Huata
20704,Ancash,Huaylas,Huaylas,Huaylas
20705,Ancash,Huaylas,Sucre,Mato
20706,Ancash,Huaylas,Pamparomás,Pamparomas
20707,Ancash,Huaylas,Pueblo Libre,Pueblo Libre
20708,Ancash,Huaylas,Huaripampa,Santa Cruz
20710,Ancash,Huaylas,Santo Toribio,Santo Toribio
20709,Ancash,Huaylas,Yuracmarca,Yuracmarca
20901,Ancash,Mariscal Luzuriaga,Piscobamba,Piscobamba
20902,Ancash,Mariscal Luzuriaga,Casca,Casca
20908,Ancash,Mariscal Luzuriaga,Pampachacra,Eleazar Guzman Barron
20904,Ancash,Mariscal Luzuriaga,Sanachgan,Fidel Olivas Escudero
20905,Ancash,Mariscal Luzuriaga,Llama,Llama
20906,Ancash,Mariscal Luzuriaga,Llumpa,Llumpa
20903,Ancash,Mariscal Luzuriaga,Lucma,Lucma
20907,Ancash,Mariscal Luzuriaga,Musga,Musga
22007,Ancash,Ocros,Ocros,Ocros
22001,Ancash,Ocros,Acas,Acas
22002,Ancash,Ocros,Cajamarquilla,Cajamarquilla
22003,Ancash,Ocros,Aco,Carhuapampa
22004,Ancash,Ocros,Huanchay,Cochas
22005,Ancash,Ocros,Congas,Congas
22006,Ancash,Ocros,Llipa,Llipa
22008,Ancash,Ocros,Rajan,San Cristobal De Rajan
22009,Ancash,Ocros,Copa,San Pedro
22010,Ancash,Ocros,Santiago de Chilcas,Santiago De Chilcas
21001,Ancash,Pallasca,Cabana,Cabana
21002,Ancash,Pallasca,Bolognesi,Bolognesi
21003,Ancash,Pallasca,Conchucos,Conchucos
21004,Ancash,Pallasca,Huacaschuque,Huacaschuque
21005,Ancash,Pallasca,Huandoval,Huandoval
21006,Ancash,Pallasca,Lacabamba,Lacabamba
21007,Ancash,Pallasca,Llapo,Llapo
21008,Ancash,Pallasca,Pallasca,Pallasca
21009,Ancash,Pallasca,Pampas,Pampas
21010,Ancash,Pallasca,Santa Rosa,Santa Rosa
21011,Ancash,Pallasca,Tauca,Tauca
21101,Ancash,Pomabamba,Pomabamba,Pomabamba
21102,Ancash,Pomabamba,Huayllán,Huayllan
21103,Ancash,Pomabamba,Parobamba,Parobamba
21104,Ancash,Pomabamba,Quinuabamba,Quinuabamba
21201,Ancash,Recuay,Recuay,Recuay
21210,Ancash,Recuay,Cátac,Catac
21202,Ancash,Recuay,Cotaparaco,Cotaparaco
21203,Ancash,Recuay,Huayllapampa,Huayllapampa
21209,Ancash,Recuay,Llacllín,Llacllin
21204,Ancash,Recuay,Marca,Marca
21205,Ancash,Recuay,Pampas Chico,Pampas Chico
21206,Ancash,Recuay,Pararín,Pararin
21207,Ancash,Recuay,Tapacocha,Tapacocha
21208,Ancash,Recuay,Ticapampa,Ticapampa
21301,Ancash,Santa,Chimbote,Chimbote
21302,Ancash,Santa,Jimbe,Caceres Del Peru
21308,Ancash,Santa,Coishco,Coishco
21303,Ancash,Santa,Macate,Macate
21304,Ancash,Santa,Moro,Moro
21305,Ancash,Santa,Nepeña,Nepeña
21306,Ancash,Santa,Samanco,Samanco
21307,Ancash,Santa,Santa,Santa
21309,Ancash,Santa,Buenos Aires,Nuevo Chimbote
21401,Ancash,Sihuas,Sihuas,Sihuas
21407,Ancash,Sihuas,Acobamba,Acobamba
21402,Ancash,Sihuas,Ullulluco,Alfonso Ugarte
21408,Ancash,Sihuas,Cashapampa,Cashapampa
21403,Ancash,Sihuas,Chingalpo,Chingalpo
21404,Ancash,Sihuas,Huayllabamba,Huayllabamba
21405,Ancash,Sihuas,Quiches,Quiches
21409,Ancash,Sihuas,Ragash,Ragash
21410,Ancash,Sihuas,Chullin,San Juan
21406,Ancash,Sihuas,Umbe,Sicsibamba
21501,Ancash,Yungay,Yungay,Yungay
21502,Ancash,Yungay,Cascapara,Cascapara
21503,Ancash,Yungay,Mancos,Mancos
21504,Ancash,Yungay,Matacoto,Matacoto
21505,Ancash,Yungay,Quillo,Quillo
21506,Ancash,Yungay,Ranrahirca,Ranrahirca
21507,Ancash,Yungay,Shupluy,Shupluy
21508,Ancash,Yungay,Yanama,Yanama
30101,Apurimac,Abancay,Abancay,Abancay
30104,Apurimac,Abancay,Chacoche,Chacoche
30102,Apurimac,Abancay,Circa,Circa
30103,Apurimac,Abancay,Curahuasi,Curahuasi
30105,Apurimac,Abancay,Huanipaca,Huanipaca
30106,Apurimac,Abancay,Lambrama,Lambrama
30107,Apurimac,Abancay,Pichirhua,Pichirhua
30108,Apurimac,Abancay,Cachora,San Pedro De Cachora
30109,Apurimac,Abancay,Tamburco,Tamburco
30301,Apurimac,Andahuaylas,Andahuaylas,Andahuaylas
30302,Apurimac,Andahuaylas,Andarapa,Andarapa
30303,Apurimac,Andahuaylas,Chiara,Chiara
30304,Apurimac,Andahuaylas,Huancarama,Huancarama
30305,Apurimac,Andahuaylas,Huancaray,Huancaray
30317,Apurimac,Andahuaylas,Huayana,Huayana
30306,Apurimac,Andahuaylas,Kishuara,Kishuara
30307,Apurimac,Andahuaylas,Pacobamba,Pacobamba
30313,Apurimac,Andahuaylas,Pacucha,Pacucha
30308,Apurimac,Andahuaylas,Pampachiri,Pampachiri
30314,Apurimac,Andahuaylas,Pomacocha,Pomacocha
30309,Apurimac,Andahuaylas,San Antonio de Cachi,San Antonio De Cachi
30310,Apurimac,Andahuaylas,San Jerónimo,San Jeronimo
30318,Apurimac,Andahuaylas,Chaccrampa,San Miguel De Chaccrampa
30315,Apurimac,Andahuaylas,Santa María de Chicmo,Santa Maria De Chicmo
30311,Apurimac,Andahuaylas,Talavera,Talavera
30316,Apurimac,Andahuaylas,Umamarca,Tumay Huaraca
30312,Apurimac,Andahuaylas,Turpo,Turpo
30319,Apurimac,Andahuaylas,Kaquiabamba,Kaquiabamba
30320,Apurimac,Andahuaylas,Huancabamba,Jose Maria Arguedas
30401,Apurimac,Antabamba,Antabamba,Antabamba
30402,Apurimac,Antabamba,Ayahuay,El Oro
30403,Apurimac,Antabamba,Huaquirca,Huaquirca
30404,Apurimac,Antabamba,Mollebamba,Juan Espinoza Medrano
30405,Apurimac,Antabamba,Oropesa,Oropesa
30406,Apurimac,Antabamba,Pachaconas,Pachaconas
30407,Apurimac,Antabamba,Sabaino,Sabaino
30201,Apurimac,Aymaraes,Chalhuanca,Chalhuanca
30202,Apurimac,Aymaraes,Capaya,Capaya
30203,Apurimac,Aymaraes,Caraybamba,Caraybamba
30206,Apurimac,Aymaraes,Chapimarca,Chapimarca
30204,Apurimac,Aymaraes,Colcabamba,Colcabamba
30205,Apurimac,Aymaraes,Cotaruse,Cotaruse
30207,Apurimac,Aymaraes,Huayllo,Huayllo
30217,Apurimac,Aymaraes,Pichihua,Justo Apu Sahuaraura
30208,Apurimac,Aymaraes,Lucre,Lucre
30209,Apurimac,Aymaraes,Pocohuanca,Pocohuanca
30216,Apurimac,Aymaraes,San Juan de Chacña,San Juan De Chacña
30210,Apurimac,Aymaraes,Sañayca,Sañayca
30211,Apurimac,Aymaraes,Soraya,Soraya
30212,Apurimac,Aymaraes,Tapairihua,Tapairihua
30213,Apurimac,Aymaraes,Tintay,Tintay
30214,Apurimac,Aymaraes,Toraya,Toraya
30215,Apurimac,Aymaraes,Yanaca,Yanaca
30501,Apurimac,Cotabambas,Tambobamba,Tambobamba
30503,Apurimac,Cotabambas,Cotabambas,Cotabambas
30502,Apurimac,Cotabambas,Coyllurqui,Coyllurqui
30504,Apurimac,Cotabambas,Haquira,Haquira
30505,Apurimac,Cotabambas,Mara,Mara
30506,Apurimac,Cotabambas,Challhuahuacho,Challhuahuacho
30701,Apurimac,Chincheros,Chincheros,Chincheros
30705,Apurimac,Chincheros,Uripa,Anco-huallo
30704,Apurimac,Chincheros,Cocharcas,Cocharcas
30706,Apurimac,Chincheros,Huaccana,Huaccana
30703,Apurimac,Chincheros,Ocobamba,Ocobamba
30702,Apurimac,Chincheros,Ongoy,Ongoy
30707,Apurimac,Chincheros,Uranmarca,Uranmarca
30708,Apurimac,Chincheros,Ranracancha,Ranracancha
30709,Apurimac,Chincheros,Rocchacc,Rocchacc
30710,Apurimac,Chincheros,San Pedro de Huamburque,El Porvenir
30711,Apurimac,Chincheros,Río Blanco,Los Chankas
30712,Apurimac,Chincheros,Ahuayro,Ahuayro
30601,Apurimac,Grau,Chuquibambilla,Chuquibambilla
30602,Apurimac,Grau,Curpahuasi,Curpahuasi
30605,Apurimac,Grau,Palpacachi,Gamarra
30603,Apurimac,Grau,Huayllati,Huayllati
30604,Apurimac,Grau,Mamara,Mamara
30606,Apurimac,Grau,Ayrihuanca,Micaela Bastidas
30608,Apurimac,Grau,Pataypampa,Pataypampa
30607,Apurimac,Grau,Progreso,Progreso
30609,Apurimac,Grau,San Antonio,San Antonio
30613,Apurimac,Grau,Santa Rosa,Santa Rosa
30610,Apurimac,Grau,Turpay,Turpay
30611,Apurimac,Grau,Vilcabamba,Vilcabamba
30612,Apurimac,Grau,San Juan de Virundo,Virundo
30614,Apurimac,Grau,Curasco,Curasco
40101,Arequipa,Arequipa,Arequipa,Arequipa
40128,Arequipa,Arequipa,Selva Alegre,Alto Selva Alegre
40102,Arequipa,Arequipa,Cayma,Cayma
40103,Arequipa,Arequipa,La Libertad,Cerro Colorado
40104,Arequipa,Arequipa,Characato,Characato
40105,Arequipa,Arequipa,Chiguata,Chiguata
40127,Arequipa,Arequipa,Jacobo Hunter,Jacobo Hunter
40106,Arequipa,Arequipa,La Joya,La Joya
40126,Arequipa,Arequipa,Mariano Melgar,Mariano Melgar
40107,Arequipa,Arequipa,Miraflores,Miraflores
40108,Arequipa,Arequipa,Mollebaya,Mollebaya
40109,Arequipa,Arequipa,Paucarpata,Paucarpata
40110,Arequipa,Arequipa,Pocsi,Pocsi
40111,Arequipa,Arequipa,Polobaya Grande,Polobaya
40112,Arequipa,Arequipa,Quequeña,Quequeña
40113,Arequipa,Arequipa,Sabandia,Sabandia
40114,Arequipa,Arequipa,Sachaca,Sachaca
40115,Arequipa,Arequipa,San Juan de Siguas,San Juan De Siguas
40116,Arequipa,Arequipa,Tarucani,San Juan De Tarucani
40117,Arequipa,Arequipa,Santa Isabel de Siguas,Santa Isabel De Siguas
40118,Arequipa,Arequipa,Santa Rita de Siguas,Santa Rita De Siguas
40119,Arequipa,Arequipa,Socabaya,Socabaya
40120,Arequipa,Arequipa,Tiabaya,Tiabaya
40121,Arequipa,Arequipa,Uchumayo,Uchumayo
40122,Arequipa,Arequipa,Vítor,Vitor
40123,Arequipa,Arequipa,Yanahuara,Yanahuara
40124,Arequipa,Arequipa,Yarabamba,Yarabamba
40125,Arequipa,Arequipa,Yura,Yura
40129,Arequipa,Arequipa,Ciudad Satélite,Jose Luis Bustamante Y Rivero
40301,Arequipa,Camana,Camaná,Camana
40302,Arequipa,Camana,El Cardo,Jose Maria Quimper
40303,Arequipa,Camana,Urasqui,Mariano Nicolas Valcarcel
40304,Arequipa,Camana,San José,Mariscal Caceres
40305,Arequipa,Camana,San Gregorio,Nicolas De Pierola
40306,Arequipa,Camana,Ocoña,Ocoña
40307,Arequipa,Camana,Quilca,Quilca
40308,Arequipa,Camana,La Pampa,Samuel Pastor
40401,Arequipa,Caraveli,Caravelí,Caraveli
40402,Arequipa,Caraveli,Acarí,Acari
40403,Arequipa,Caraveli,Atico,Atico
40404,Arequipa,Caraveli,Atiquipa,Atiquipa
40405,Arequipa,Caraveli,Bella Unión,Bella Union
40406,Arequipa,Caraveli,Cahuacho,Cahuacho
40407,Arequipa,Caraveli,Chala,Chala
40408,Arequipa,Caraveli,Achanizo,Chaparra
40409,Arequipa,Caraveli,Tocota,Huanuhuanu
40410,Arequipa,Caraveli,Jaqui,Jaqui
40411,Arequipa,Caraveli,Lomas,Lomas
40412,Arequipa,Caraveli,Quicacha,Quicacha
40413,Arequipa,Caraveli,Yauca,Yauca
40501,Arequipa,Castilla,Aplao,Aplao
40502,Arequipa,Castilla,Andagua,Andagua
40503,Arequipa,Castilla,Ayo,Ayo
40504,Arequipa,Castilla,Chachas,Chachas
40505,Arequipa,Castilla,Chilcaymarca,Chilcaymarca
40506,Arequipa,Castilla,Choco,Choco
40507,Arequipa,Castilla,Huancarqui,Huancarqui
40508,Arequipa,Castilla,Machaguay,Machaguay
40509,Arequipa,Castilla,Orcopampa,Orcopampa
40510,Arequipa,Castilla,Pampacolca,Pampacolca
40511,Arequipa,Castilla,Tipán,Tipan
40513,Arequipa,Castilla,Uñón,Uñon
40512,Arequipa,Castilla,Corire,Uraca
40514,Arequipa,Castilla,Viraco,Viraco
40201,Arequipa,Caylloma,Chivay,Chivay
40202,Arequipa,Caylloma,Achoma,Achoma
40203,Arequipa,Caylloma,Cabanaconde,Cabanaconde
40205,Arequipa,Caylloma,Callalli,Callalli
40204,Arequipa,Caylloma,Caylloma,Caylloma
40206,Arequipa,Caylloma,Coporaque,Coporaque
40207,Arequipa,Caylloma,Huambo,Huambo
40208,Arequipa,Caylloma,Huanca,Huanca
40209,Arequipa,Caylloma,Ichupampa,Ichupampa
40210,Arequipa,Caylloma,Lari,Lari
40211,Arequipa,Caylloma,Lluta,Lluta
40212,Arequipa,Caylloma,Maca,Maca
40213,Arequipa,Caylloma,Madrigal,Madrigal
40214,Arequipa,Caylloma,San Antonio de Chuca,San Antonio De Chuca
40215,Arequipa,Caylloma,Sibayo,Sibayo
40216,Arequipa,Caylloma,Tapay,Tapay
40217,Arequipa,Caylloma,Tisco,Tisco
40218,Arequipa,Caylloma,Tuti,Tuti
40219,Arequipa,Caylloma,Yanque,Yanque
40220,Arequipa,Caylloma,El Pedregal,Majes
40601,Arequipa,Condesuyos,Chuquibamba,Chuquibamba
40602,Arequipa,Condesuyos,Andaray,Andaray
40603,Arequipa,Condesuyos,Cayarani,Cayarani
40604,Arequipa,Condesuyos,Chichas,Chichas
40605,Arequipa,Condesuyos,Iray,Iray
40608,Arequipa,Condesuyos,Iquipi,Rio Grande
40606,Arequipa,Condesuyos,Salamanca,Salamanca
40607,Arequipa,Condesuyos,Yanaquihua,Yanaquihua
40701,Arequipa,Islay,Mollendo,Mollendo
40702,Arequipa,Islay,Cocachacra,Cocachacra
40703,Arequipa,Islay,La Curva,Dean Valdivia
40704,Arequipa,Islay,Islay (Matarani),Islay
40705,Arequipa,Islay,Mejía,Mejia
40706,Arequipa,Islay,Punta de Bombón,Punta De Bombon
40801,Arequipa,La Union,Cotahuasi,Cotahuasi
40802,Arequipa,La Union,Alca,Alca
40803,Arequipa,La Union,Charcana,Charcana
40804,Arequipa,La Union,Taurisma,Huaynacotas
40805,Arequipa,La Union,Mungui,Pampamarca
40806,Arequipa,La Union,Puyca,Puyca
40807,Arequipa,La Union,Velinga,Quechualla
40808,Arequipa,La Union,Sayla,Sayla
40809,Arequipa,La Union,Tauria,Tauria
40810,Arequipa,La Union,Tomepampa,Tomepampa
40811,Arequipa,La Union,Toro,Toro
50101,Ayacucho,Huamanga,Ayacucho,Ayacucho
50111,Ayacucho,Huamanga,Acocro,Acocro
50102,Ayacucho,Huamanga,Acos Vinchos,Acos Vinchos
50103,Ayacucho,Huamanga,Carmen Alto,Carmen Alto
50104,Ayacucho,Huamanga,Chiara,Chiara
50113,Ayacucho,Huamanga,Ocros,Ocros
50114,Ayacucho,Huamanga,Pacaycasa,Pacaycasa
50105,Ayacucho,Huamanga,Quinua,Quinua
50106,Ayacucho,Huamanga,Ticllas,San Jose De Ticllas
50107,Ayacucho,Huamanga,San Juan Bautista,San Juan Bautista
50108,Ayacucho,Huamanga,San Pedro de Cachi,Santiago De Pischa
50112,Ayacucho,Huamanga,Socos,Socos
50110,Ayacucho,Huamanga,Tambillo,Tambillo
50109,Ayacucho,Huamanga,Vinchos,Vinchos
50115,Ayacucho,Huamanga,Las Nazarenas,Jesus Nazareno
50116,Ayacucho,Huamanga,Jardín,Andres Avelino Caceres Dorregaray
50201,Ayacucho,Cangallo,Cangallo,Cangallo
50204,Ayacucho,Cangallo,Chuschi,Chuschi
50206,Ayacucho,Cangallo,Pampa - Cangallo,Los Morochucos
50211,Ayacucho,Cangallo,Pomabamba,Maria Parado De Bellido
50207,Ayacucho,Cangallo,Paras,Paras
50208,Ayacucho,Cangallo,Totos,Totos
50801,Ayacucho,Huanca Sancos,Huanca Sancos,Sancos
50804,Ayacucho,Huanca Sancos,Carapo,Carapo
50802,Ayacucho,Huanca Sancos,Sacsamarca,Sacsamarca
50803,Ayacucho,Huanca Sancos,Santiago de Lucanamarca,Santiago De Lucanamarca
50301,Ayacucho,Huanta,Huanta,Huanta
50302,Ayacucho,Huanta,Viracochan,Ayahuanco
50303,Ayacucho,Huanta,Huamanguilla,Huamanguilla
50304,Ayacucho,Huanta,Macachacra,Iguain
50305,Ayacucho,Huanta,Luricocha,Luricocha
50307,Ayacucho,Huanta,San José De Secce,Santillana
50308,Ayacucho,Huanta,Sivia,Sivia
50309,Ayacucho,Huanta,Llochegua,Llochegua
50310,Ayacucho,Huanta,Canayre,Canayre
50311,Ayacucho,Huanta,Huaynacancha,Uchuraccay
50312,Ayacucho,Huanta,‎Huallhua,Pucacolpa
50313,Ayacucho,Huanta,Chaca,Chaca
50314,Ayacucho,Huanta,Putis,Putis
50401,Ayacucho,La Mar,San Miguel,San Miguel
50402,Ayacucho,La Mar,Chiquintirca,Anco
50403,Ayacucho,La Mar,San Francisco,Ayna
50404,Ayacucho,La Mar,Chilcas,Chilcas
50405,Ayacucho,La Mar,Chungui,Chungui
50407,Ayacucho,La Mar,Pampas,Luis Carranza
50408,Ayacucho,La Mar,Santa Rosa,Santa Rosa
50406,Ayacucho,La Mar,Tambo,Tambo
50409,Ayacucho,La Mar,Palmapampa,Samugari
50410,Ayacucho,La Mar,Anchihuay,Anchihuay
50411,Ayacucho,La Mar,Oronccoy,Oronccoy
50412,Ayacucho,La Mar,Union Progreso,Union Progreso
50415,Ayacucho,La Mar,Rio Magdalena,Rio Magdalena
50414,Ayacucho,La Mar,Ninabamba,Ninabamba
50413,Ayacucho,La Mar,Patibamba,Patibamba
50501,Ayacucho,Lucanas,Puquio,Puquio
50502,Ayacucho,Lucanas,Aucara,Aucara
50503,Ayacucho,Lucanas,Cabana,Cabana
50504,Ayacucho,Lucanas,Andamarca,Carmen Salcedo
50506,Ayacucho,Lucanas,Chaviña,Chaviña
50508,Ayacucho,Lucanas,Chipao,Chipao
50510,Ayacucho,Lucanas,Huac-Huas,Huac-huas
50511,Ayacucho,Lucanas,Laramate,Laramate
50512,Ayacucho,Lucanas,Tambo Quemado,Leoncio Prado
50514,Ayacucho,Lucanas,Llauta,Llauta
50513,Ayacucho,Lucanas,Lucanas,Lucanas
50516,Ayacucho,Lucanas,Ocaña,Ocaña
50517,Ayacucho,Lucanas,Otoca,Otoca
50529,Ayacucho,Lucanas,Saisa,Saisa
50532,Ayacucho,Lucanas,San Cristóbal,San Cristobal
50521,Ayacucho,Lucanas,San Juan,San Juan
50522,Ayacucho,Lucanas,San Pedro,San Pedro
50531,Ayacucho,Lucanas,San Pedro de Palco,San Pedro De Palco
50520,Ayacucho,Lucanas,Sancos,Sancos
50524,Ayacucho,Lucanas,Santa Ana de Huaycahuacho,Santa Ana De Huaycahuacho
50525,Ayacucho,Lucanas,Santa Lucía,Santa Lucia
50601,Ayacucho,Parinacochas,Coracora,Coracora
50605,Ayacucho,Parinacochas,Chumpi,Chumpi
50604,Ayacucho,Parinacochas,Aniso,Coronel Castañeda
50608,Ayacucho,Parinacochas,Pacapausa,Pacapausa
50611,Ayacucho,Parinacochas,Pullo,Pullo
50612,Ayacucho,Parinacochas,Incuyo,Puyusca
50615,Ayacucho,Parinacochas,San Francisco de Ravacayco,San Francisco De Ravacayco
50616,Ayacucho,Parinacochas,Upahuacho,Upahuacho
51001,Ayacucho,Paucar Del Sara Sara,Pausa,Pausa
51002,Ayacucho,Paucar Del Sara Sara,Colta,Colta
51003,Ayacucho,Paucar Del Sara Sara,Corculla,Corculla
51004,Ayacucho,Paucar Del Sara Sara,Lampa,Lampa
51005,Ayacucho,Paucar Del Sara Sara,Marcabamba,Marcabamba
51006,Ayacucho,Paucar Del Sara Sara,Oyolo,Oyolo
51007,Ayacucho,Paucar Del Sara Sara,Pararca,Pararca
51008,Ayacucho,Paucar Del Sara Sara,San Javier de Alpabamba,San Javier De Alpabamba
51009,Ayacucho,Paucar Del Sara Sara,San José de Ushua,San Jose De Ushua
51010,Ayacucho,Paucar Del Sara Sara,Quilcata,Sara Sara
51101,Ayacucho,Sucre,Querobamba,Querobamba
51102,Ayacucho,Sucre,Belén,Belen
51103,Ayacucho,Sucre,Chalcos,Chalcos
51110,Ayacucho,Sucre,Chilcayoc,Chilcayoc
51109,Ayacucho,Sucre,Huacaña,Huacaña
51111,Ayacucho,Sucre,Morcolla,Morcolla
51105,Ayacucho,Sucre,Paico,Paico
51107,Ayacucho,Sucre,San Pedro de Larcay,San Pedro De Larcay
51104,Ayacucho,Sucre,San Salvador de Quije,San Salvador De Quije
51106,Ayacucho,Sucre,Santiago de Paucaray,Santiago De Paucaray
51108,Ayacucho,Sucre,Soras,Soras
50701,Ayacucho,Victor Fajardo,Huancapi,Huancapi
50702,Ayacucho,Victor Fajardo,Alcamenca,Alcamenca
50703,Ayacucho,Victor Fajardo,Apongo,Apongo
50715,Ayacucho,Victor Fajardo,Asquipata,Asquipata
50704,Ayacucho,Victor Fajardo,Canaria,Canaria
50706,Ayacucho,Victor Fajardo,Cayara,Cayara
50707,Ayacucho,Victor Fajardo,Colca,Colca
50709,Ayacucho,Victor Fajardo,Huamanquiquia,Huamanquiquia
50710,Ayacucho,Victor Fajardo,Huancaraylla,Huancaraylla
50708,Ayacucho,Victor Fajardo,San Pedro de Huaya,Huaya
50713,Ayacucho,Victor Fajardo,Sarhua,Sarhua
50714,Ayacucho,Victor Fajardo,Vilcanchos,Vilcanchos
50901,Ayacucho,Vilcas Huaman,Vilcas Huamán,Vilcas Huaman
50903,Ayacucho,Vilcas Huaman,Accomarca,Accomarca
50904,Ayacucho,Vilcas Huaman,Carhuanca,Carhuanca
50905,Ayacucho,Vilcas Huaman,Concepción,Concepcion
50906,Ayacucho,Vilcas Huaman,Huambalpa,Huambalpa
50908,Ayacucho,Vilcas Huaman,Paccha Huallhua,Independencia
50907,Ayacucho,Vilcas Huaman,Saurama,Saurama
50902,Ayacucho,Vilcas Huaman,Vischongo,Vischongo
60101,Cajamarca,Cajamarca,Cajamarca,Cajamarca
60102,Cajamarca,Cajamarca,Asunción,Asuncion
60104,Cajamarca,Cajamarca,Chetilla,Chetilla
60103,Cajamarca,Cajamarca,Cospán,Cospan
60105,Cajamarca,Cajamarca,Encañada,Encañada
60106,Cajamarca,Cajamarca,Jesús,Jesus
60108,Cajamarca,Cajamarca,Llacanora,Llacanora
60107,Cajamarca,Cajamarca,Los Baños del Inca,Los Baños Del Inca
60109,Cajamarca,Cajamarca,Magdalena,Magdalena
60110,Cajamarca,Cajamarca,Matara,Matara
60111,Cajamarca,Cajamarca,Namora,Namora
60112,Cajamarca,Cajamarca,San Juan,San Juan
60201,Cajamarca,Cajabamba,Cajabamba,Cajabamba
60202,Cajamarca,Cajabamba,Cachachi,Cachachi
60203,Cajamarca,Cajabamba,Cauday,Condebamba
60205,Cajamarca,Cajabamba,Lluchubamba,Sitacocha
60301,Cajamarca,Celendin,Celendín,Celendin
60303,Cajamarca,Celendin,Chumuch,Chumuch
60302,Cajamarca,Celendin,Chimuch (Cortegana),Cortegana
60304,Cajamarca,Celendin,Huasmín,Huasmin
60305,Cajamarca,Celendin,Lucmapampa,Jorge Chavez
60306,Cajamarca,Celendin,Huacapampa,Jose Galvez
60307,Cajamarca,Celendin,Chalan,Miguel Iglesias
60308,Cajamarca,Celendin,Oxamarca,Oxamarca
60309,Cajamarca,Celendin,Sorochuco,Sorochuco
60310,Cajamarca,Celendin,Sucre,Sucre
60311,Cajamarca,Celendin,Utco,Utco
60312,Cajamarca,Celendin,La Libertad de  Pallán,La Libertad De Pallan
60601,Cajamarca,Chota,Chota,Chota
60602,Cajamarca,Chota,Anguia,Anguia
60605,Cajamarca,Chota,Chadín,Chadin
60606,Cajamarca,Chota,Chiguirip,Chiguirip
60607,Cajamarca,Chota,Chimbán,Chimban
60618,Cajamarca,Chota,Choropampa,Choropampa
60603,Cajamarca,Chota,Cochabamba,Cochabamba
60604,Cajamarca,Chota,Conchán,Conchan
60608,Cajamarca,Chota,Huambos,Huambos
60609,Cajamarca,Chota,Lajas,Lajas
60610,Cajamarca,Chota,Llama,Llama
60611,Cajamarca,Chota,Miracosta,Miracosta
60612,Cajamarca,Chota,Paccha,Paccha
60613,Cajamarca,Chota,Pión,Pion
60614,Cajamarca,Chota,Querocoto,Querocoto
60617,Cajamarca,Chota,Licupis,San Juan De Licupis
60615,Cajamarca,Chota,Tacabamba,Tacabamba
60616,Cajamarca,Chota,Tocmoche,Tocmoche
60619,Cajamarca,Chota,Chalamarca,Chalamarca
60401,Cajamarca,Contumaza,Contumazá,Contumaza
60403,Cajamarca,Contumaza,Chilete,Chilete
60406,Cajamarca,Contumaza,Trinidad,Cupisnique
60404,Cajamarca,Contumaza,Guzmango,Guzmango
60405,Cajamarca,Contumaza,San Benito,San Benito
60409,Cajamarca,Contumaza,Santa Cruz de Toledo,Santa Cruz De Toledo
60407,Cajamarca,Contumaza,Catan,Tantarica
60408,Cajamarca,Contumaza,Tembladera,Yonan
60501,Cajamarca,Cutervo,Cutervo,Cutervo
60502,Cajamarca,Cutervo,Callayuc,Callayuc
60504,Cajamarca,Cutervo,Choros,Choros
60503,Cajamarca,Cutervo,Cujillo,Cujillo
60505,Cajamarca,Cutervo,La Ramada,La Ramada
60506,Cajamarca,Cutervo,Pimpingos,Pimpingos
60507,Cajamarca,Cutervo,Querocotillo,Querocotillo
60508,Cajamarca,Cutervo,San Andrés de Cutervo,San Andres De Cutervo
60509,Cajamarca,Cutervo,San Juan de Cutervo,San Juan De Cutervo
60510,Cajamarca,Cutervo,San Luis de Lucma,San Luis De Lucma
60511,Cajamarca,Cutervo,Santa Cruz,Santa Cruz
60512,Cajamarca,Cutervo,Santo Domingo de La Capilla,Santo Domingo De La Capilla
60513,Cajamarca,Cutervo,Santo Tomás,Santo Tomas
60514,Cajamarca,Cutervo,Socota,Socota
60515,Cajamarca,Cutervo,La Sacilia,Toribio Casanova
60701,Cajamarca,Hualgayoc,Bambamarca,Bambamarca
60702,Cajamarca,Hualgayoc,Chugur,Chugur
60703,Cajamarca,Hualgayoc,Hualgayoc,Hualgayoc
60801,Cajamarca,Jaen,Jaén,Jaen
60802,Cajamarca,Jaen,Bellavista,Bellavista
60804,Cajamarca,Jaen,Chontali,Chontali
60803,Cajamarca,Jaen,Colasay,Colasay
60812,Cajamarca,Jaen,Huabal,Huabal
60811,Cajamarca,Jaen,Las Pirias,Las Pirias
60805,Cajamarca,Jaen,Pomahuaca,Pomahuaca
60806,Cajamarca,Jaen,Pucará,Pucara
60807,Cajamarca,Jaen,Sallique,Sallique
60808,Cajamarca,Jaen,San Felipe,San Felipe
60809,Cajamarca,Jaen,San José del Alto,San Jose Del Alto
60810,Cajamarca,Jaen,Santa Rosa,Santa Rosa
61101,Cajamarca,San Ignacio,San Ignacio,San Ignacio
61102,Cajamarca,San Ignacio,Chirinos,Chirinos
61103,Cajamarca,San Ignacio,Huarango,Huarango
61105,Cajamarca,San Ignacio,La Coipa,La Coipa
61104,Cajamarca,San Ignacio,Namballe,Namballe
61106,Cajamarca,San Ignacio,San José de Lourdes,San Jose De Lourdes
61107,Cajamarca,San Ignacio,Tabaconas,Tabaconas
61201,Cajamarca,San Marcos,San Marcos,Pedro Galvez
61207,Cajamarca,San Marcos,Chancay,Chancay
61205,Cajamarca,San Marcos,La Grama,Eduardo Villanueva
61203,Cajamarca,San Marcos,Paucamarca,Gregorio Pita
61202,Cajamarca,San Marcos,Ichocán,Ichocan
61204,Cajamarca,San Marcos,Shirac,Jose Manuel Quiroz
61206,Cajamarca,San Marcos,Venecia,Jose Sabogal
61001,Cajamarca,San Miguel,San Miguel de Pallaques,San Miguel
61013,Cajamarca,San Miguel,Bolívar,Bolivar
61002,Cajamarca,San Miguel,Calquis,Calquis
61012,Cajamarca,San Miguel,Catilluc,Catilluc
61009,Cajamarca,San Miguel,El Prado,El Prado
61003,Cajamarca,San Miguel,La Florida,La Florida
61004,Cajamarca,San Miguel,Llapa,Llapa
61005,Cajamarca,San Miguel,Nanchoc,Nanchoc
61006,Cajamarca,San Miguel,Niepos,Niepos
61007,Cajamarca,San Miguel,San Gregorio,San Gregorio
61008,Cajamarca,San Miguel,San Silvestre de Cochán,San Silvestre De Cochan
61011,Cajamarca,San Miguel,Tongod,Tongod
61010,Cajamarca,San Miguel,Agua Blanca,Union Agua Blanca
61301,Cajamarca,San Pablo,San Pablo,San Pablo
61302,Cajamarca,San Pablo,San Bernardino,San Bernardino
61303,Cajamarca,San Pablo,San Luis Grande,San Luis
61304,Cajamarca,San Pablo,Tumbadén,Tumbaden
60901,Cajamarca,Santa Cruz,Santa Cruz de Succhabamba,Santa Cruz
60910,Cajamarca,Santa Cruz,Andabamba,Andabamba
60902,Cajamarca,Santa Cruz,Catache,Catache
60903,Cajamarca,Santa Cruz,Chancaybaños,Chancaybaños
60904,Cajamarca,Santa Cruz,La Esperanza,La Esperanza
60905,Cajamarca,Santa Cruz,Ninabamba,Ninabamba
60906,Cajamarca,Santa Cruz,Pulán,Pulan
60911,Cajamarca,Santa Cruz,Saucepampa,Saucepampa
60907,Cajamarca,Santa Cruz,Sexi,Sexi
60908,Cajamarca,Santa Cruz,Uticyacu,Uticyacu
60909,Cajamarca,Santa Cruz,Yauyucán,Yauyucan
240101,Callao,Callao,Callao,Callao
240102,Callao,Callao,Bellavista,Bellavista
240104,Callao,Callao,Carmen de La Legua Reynoso,Carmen De La Legua Reynoso
240105,Callao,Callao,La Perla,La Perla
240103,Callao,Callao,La Punta,La Punta
240106,Callao,Callao,Ventanilla,Ventanilla
240107,Callao,Callao,Mi Perú,Mi Peru
70101,Cusco,Cusco,Cusco,Cusco
70102,Cusco,Cusco,Ccorca,Ccorca
70103,Cusco,Cusco,Poroy,Poroy
70104,Cusco,Cusco,San Jerónimo,San Jeronimo
70105,Cusco,Cusco,San Sebastián,San Sebastian
70106,Cusco,Cusco,Santiago,Santiago
70107,Cusco,Cusco,Saylla,Saylla
70108,Cusco,Cusco,Wanchaq,Wanchaq
70201,Cusco,Acomayo,Acomayo,Acomayo
70202,Cusco,Acomayo,Acopia,Acopia
70203,Cusco,Acomayo,Acos,Acos
70207,Cusco,Acomayo,Mosoc Llacta,Mosoc Llacta
70204,Cusco,Acomayo,Pomacanchi,Pomacanchi
70205,Cusco,Acomayo,Rondocán,Rondocan
70206,Cusco,Acomayo,Sangarará,Sangarara
70301,Cusco,Anta,Anta,Anta
70309,Cusco,Anta,Ancahuasi,Ancahuasi
70308,Cusco,Anta,Cachimayo,Cachimayo
70302,Cusco,Anta,Chinchaypujio,Chinchaypujio
70303,Cusco,Anta,Huarocondo,Huarocondo
70304,Cusco,Anta,Limatambo,Limatambo
70305,Cusco,Anta,Mollepata,Mollepata
70306,Cusco,Anta,Pucyura,Pucyura
70307,Cusco,Anta,Zurite,Zurite
70401,Cusco,Calca,Calca,Calca
70402,Cusco,Calca,Coya,Coya
70403,Cusco,Calca,Lamay,Lamay
70404,Cusco,Calca,Lares,Lares
70405,Cusco,Calca,Pisac,Pisac
70406,Cusco,Calca,San Salvador,San Salvador
70407,Cusco,Calca,Taray,Taray
70408,Cusco,Calca,Quebrada Honda,Yanatile
70501,Cusco,Canas,Yanaoca,Yanaoca
70502,Cusco,Canas,Checca,Checca
70503,Cusco,Canas,El Descanso,Kunturkanki
70504,Cusco,Canas,Langui,Langui
70505,Cusco,Canas,Layo,Layo
70506,Cusco,Canas,Pampamarca,Pampamarca
70507,Cusco,Canas,Quehue,Quehue
70508,Cusco,Canas,Tungasuca,Tupac Amaru
70601,Cusco,Canchis,Sicuani,Sicuani
70603,Cusco,Canchis,Checacupe,Checacupe
70602,Cusco,Canchis,Combapata,Combapata
70604,Cusco,Canchis,Marangani,Marangani
70605,Cusco,Canchis,Pitumarca,Pitumarca
70606,Cusco,Canchis,San Pablo,San Pablo
70607,Cusco,Canchis,San Pedro,San Pedro
70608,Cusco,Canchis,Tinta,Tinta
70701,Cusco,Chumbivilcas,Santo Tomás,Santo Tomas
70702,Cusco,Chumbivilcas,Capacmarca,Capacmarca
70704,Cusco,Chumbivilcas,Chamaca,Chamaca
70703,Cusco,Chumbivilcas,Colquemarca,Colquemarca
70705,Cusco,Chumbivilcas,Livitaca,Livitaca
70706,Cusco,Chumbivilcas,Llusco,Llusco
70707,Cusco,Chumbivilcas,Quiñota,Quiñota
70708,Cusco,Chumbivilcas,Velille,Velille
70801,Cusco,Espinar,Yauri,Espinar
70802,Cusco,Espinar,Condoroma,Condoroma
70803,Cusco,Espinar,Coporaque,Coporaque
70804,Cusco,Espinar,Ocoruro,Ocoruro
70805,Cusco,Espinar,Héctor Tejada,Pallpata
70806,Cusco,Espinar,Pichigua,Pichigua
70807,Cusco,Espinar,Suyckutambo,Suyckutambo
70808,Cusco,Espinar,Accocunca,Alto Pichigua
70901,Cusco,La Convencion,Quillabamba,Santa Ana
70902,Cusco,La Convencion,Echarate,Echarate
70903,Cusco,La Convencion,Ipal,Huayopata
70904,Cusco,La Convencion,Maranura,Maranura
70905,Cusco,La Convencion,Ocobamba,Ocobamba
70908,Cusco,La Convencion,Quellouno,Quellouno
70909,Cusco,La Convencion,Kimbiri,Quimbiri
70906,Cusco,La Convencion,Santa Teresa,Santa Teresa
70907,Cusco,La Convencion,Lucma,Vilcabamba
70910,Cusco,La Convencion,Pichari,Pichari
70911,Cusco,La Convencion,Amaybamba,Inkawasi
70912,Cusco,La Convencion,Villa Virgen,Villa Virgen
70913,Cusco,La Convencion,Villa Kintiarina,Villa Kintiarina
70915,Cusco,La Convencion,Camisea,Megantoni
70916,Cusco,La Convencion,Kumpirushiato,Kumpirushiato
70917,Cusco,La Convencion,Cielo Punco,Cielo Punco
70918,Cusco,La Convencion,Manitea,Manitea
70919,Cusco,La Convencion,Union Asháninka,Union Asháninka
71001,Cusco,Paruro,Paruro,Paruro
71002,Cusco,Paruro,Accha,Accha
71003,Cusco,Paruro,Ccapi,Ccapi
71004,Cusco,Paruro,Colcha,Colcha
71005,Cusco,Paruro,Huanoquite,Huanoquite
71006,Cusco,Paruro,Omacha,Omacha
71008,Cusco,Paruro,Paccaritambo,Paccaritambo
71009,Cusco,Paruro,Pillpinto,Pillpinto
71007,Cusco,Paruro,Yaurisque,Yaurisque
71101,Cusco,Paucartambo,Paucartambo,Paucartambo
71102,Cusco,Paucartambo,Caicay,Caicay
71104,Cusco,Paucartambo,Challabamba,Challabamba
71103,Cusco,Paucartambo,Colquepata,Colquepata
71106,Cusco,Paucartambo,Huancarani,Huancarani
71105,Cusco,Paucartambo,Pillcopata,Kosñipata
71201,Cusco,Quispicanchi,Urcos,Urcos
71202,Cusco,Quispicanchi,Andahuaylillas,Andahuaylillas
71203,Cusco,Quispicanchi,Quince Mil,Camanti
71204,Cusco,Quispicanchi,Ccarhuayo,Ccarhuayo
71205,Cusco,Quispicanchi,Ccatca,Ccatca
71206,Cusco,Quispicanchi,Cusipata,Cusipata
71207,Cusco,Quispicanchi,Huaro,Huaro
71208,Cusco,Quispicanchi,Lucre,Lucre
71209,Cusco,Quispicanchi,Marcapata,Marcapata
71210,Cusco,Quispicanchi,Ocongate,Ocongate
71211,Cusco,Quispicanchi,Oropesa,Oropesa
71212,Cusco,Quispicanchi,Quiquijana,Quiquijana
71301,Cusco,Urubamba,Urubamba,Urubamba
71302,Cusco,Urubamba,Chinchero,Chinchero
71303,Cusco,Urubamba,Huayllabamba,Huayllabamba
71304,Cusco,Urubamba,Machupicchu,Machupicchu
71305,Cusco,Urubamba,Maras,Maras
71306,Cusco,Urubamba,Ollantaytambo,Ollantaytambo
71307,Cusco,Urubamba,Yucay,Yucay
80101,Huancavelica,Huancavelica,Huancavelica,Huancavelica
80102,Huancavelica,Huancavelica,Acobambilla,Acobambilla
80103,Huancavelica,Huancavelica,Acoria,Acoria
80104,Huancavelica,Huancavelica,Conayca,Conayca
80105,Huancavelica,Huancavelica,Cuenca,Cuenca
80106,Huancavelica,Huancavelica,Huachocolpa,Huachocolpa
80108,Huancavelica,Huancavelica,Huayllahuara,Huayllahuara
80109,Huancavelica,Huancavelica,Izcuchaca,Izcuchaca
80110,Huancavelica,Huancavelica,Laria,Laria
80111,Huancavelica,Huancavelica,Manta,Manta
80112,Huancavelica,Huancavelica,Mariscal Cáceres,Mariscal Caceres
80113,Huancavelica,Huancavelica,Moya,Moya
80114,Huancavelica,Huancavelica,Occoro,Nuevo Occoro
80115,Huancavelica,Huancavelica,Palca,Palca
80116,Huancavelica,Huancavelica,Pilchaca,Pilchaca
80117,Huancavelica,Huancavelica,Vilca,Vilca
80118,Huancavelica,Huancavelica,Yauli,Yauli
80119,Huancavelica,Huancavelica,Ascensión,Ascension
80120,Huancavelica,Huancavelica,Huando,Huando
80201,Huancavelica,Acobamba,Acobamba,Acobamba
80203,Huancavelica,Acobamba,Andabamba,Andabamba
80202,Huancavelica,Acobamba,Anta,Anta
80204,Huancavelica,Acobamba,Caja,Caja
80205,Huancavelica,Acobamba,Marcas,Marcas
80206,Huancavelica,Acobamba,Paucara,Paucara
80207,Huancavelica,Acobamba,Pomacocha,Pomacocha
80208,Huancavelica,Acobamba,Rosario,Rosario
80301,Huancavelica,Angaraes,Lircay,Lircay
80302,Huancavelica,Angaraes,Anchonga,Anchonga
80303,Huancavelica,Angaraes,Callanmarca,Callanmarca
80312,Huancavelica,Angaraes,Ccochaccasa,Ccochaccasa
80305,Huancavelica,Angaraes,Chincho,Chincho
80304,Huancavelica,Angaraes,Congalla,Congalla
80307,Huancavelica,Angaraes,Huanca-Huanca,Huanca-huanca
80306,Huancavelica,Angaraes,Huayllay Grande,Huayllay Grande
80308,Huancavelica,Angaraes,Julcamarca,Julcamarca
80309,Huancavelica,Angaraes,Antaparco,San Antonio De Antaparco
80310,Huancavelica,Angaraes,Santo Tomás de Pata,Santo Tomas De Pata
80311,Huancavelica,Angaraes,Secclla,Secclla
80401,Huancavelica,Castrovirreyna,Castrovirreyna,Castrovirreyna
80402,Huancavelica,Castrovirreyna,Arma,Arma
80403,Huancavelica,Castrovirreyna,Aurahua,Aurahua
80405,Huancavelica,Castrovirreyna,Capillas,Capillas
80408,Huancavelica,Castrovirreyna,Chupamarca,Chupamarca
80406,Huancavelica,Castrovirreyna,Cocas,Cocas
80409,Huancavelica,Castrovirreyna,Huachos,Huachos
80410,Huancavelica,Castrovirreyna,Huamatambo,Huamatambo
80414,Huancavelica,Castrovirreyna,Mollepampa,Mollepampa
80422,Huancavelica,Castrovirreyna,San Juan,San Juan
80429,Huancavelica,Castrovirreyna,Santa Ana,Santa Ana
80427,Huancavelica,Castrovirreyna,Tantara,Tantara
80428,Huancavelica,Castrovirreyna,Ticrapo,Ticrapo
80701,Huancavelica,Churcampa,Churcampa,Churcampa
80702,Huancavelica,Churcampa,La Esmeralda,Anco
80703,Huancavelica,Churcampa,Chinchihuasi,Chinchihuasi
80704,Huancavelica,Churcampa,Paucarbambilla,El Carmen
80705,Huancavelica,Churcampa,La Merced,La Merced
80706,Huancavelica,Churcampa,Locroja,Locroja
80707,Huancavelica,Churcampa,Paucarbamba,Paucarbamba
80708,Huancavelica,Churcampa,Mayocc,San Miguel De Mayocc
80709,Huancavelica,Churcampa,San Pedro de Coris,San Pedro De Coris
80710,Huancavelica,Churcampa,Pachamarca,Pachamarca
80711,Huancavelica,Churcampa,Santa Clara de Cosme,Cosme
80604,Huancavelica,Huaytara,Huaytará,Huaytara
80601,Huancavelica,Huaytara,Ayavi,Ayavi
80602,Huancavelica,Huaytara,Córdova,Cordova
80603,Huancavelica,Huaytara,Huayacundo Arma,Huayacundo Arma
80605,Huancavelica,Huaytara,Laramarca,Laramarca
80606,Huancavelica,Huaytara,Ocoyo,Ocoyo
80607,Huancavelica,Huaytara,Pilpichaca,Pilpichaca
80608,Huancavelica,Huaytara,Querco,Querco
80609,Huancavelica,Huaytara,Quito-Arma,Quito-arma
80610,Huancavelica,Huaytara,Cusicancha,San Antonio De Cusicancha
80611,Huancavelica,Huaytara,San Francisco de Sangayaico,San Francisco De Sangayaico
80612,Huancavelica,Huaytara,San Juan de Huirpacancha,San Isidro
80613,Huancavelica,Huaytara,Santiago de Chocorvos,Santiago De Chocorvos
80614,Huancavelica,Huaytara,Santiago de Quirahuara,Santiago De Quirahuara
80615,Huancavelica,Huaytara,Santo Domingo de Capillas,Santo Domingo De Capillas
80616,Huancavelica,Huaytara,Tambo,Tambo
80501,Huancavelica,Tayacaja,Pampas,Pampas
80502,Huancavelica,Tayacaja,Acostambo,Acostambo
80503,Huancavelica,Tayacaja,Acraquia,Acraquia
80504,Huancavelica,Tayacaja,Ahuaycha,Ahuaycha
80506,Huancavelica,Tayacaja,Colcabamba,Colcabamba
80509,Huancavelica,Tayacaja,Mariscal Cáceres,Daniel Hernandez
80511,Huancavelica,Tayacaja,Huachocolpa,Huachocolpa
80512,Huancavelica,Tayacaja,Huaribamba,Huaribamba
80515,Huancavelica,Tayacaja,Ñahuimpuquio,Ñahuimpuquio
80517,Huancavelica,Tayacaja,Pazos,Pazos
80518,Huancavelica,Tayacaja,Quishuar,Quishuar
80519,Huancavelica,Tayacaja,Salcabamba,Salcabamba
80526,Huancavelica,Tayacaja,Salcahuasi,Salcahuasi
80520,Huancavelica,Tayacaja,San Marcos de Rocchac,San Marcos De Rocchac
80523,Huancavelica,Tayacaja,Surcubamba,Surcubamba
80525,Huancavelica,Tayacaja,Tintay,Tintay Puncu
80528,Huancavelica,Tayacaja,Quichuas,Quichuas
80529,Huancavelica,Tayacaja,Andaymarca,Andaymarca
80530,Huancavelica,Tayacaja,Puerto San Antonio,Roble
80531,Huancavelica,Tayacaja,Pichos,Pichos
80532,Huancavelica,Tayacaja,Santiago de Tucuma,Santiago De Tucuma
80533,Huancavelica,Tayacaja,Lambras,Lambras
80534,Huancavelica,Tayacaja,Cochabamba,Cochabamba
90101,Huanuco,Huanuco,Huánuco,Huanuco
90110,Huanuco,Huanuco,Paucarbamba,Amarilis
90102,Huanuco,Huanuco,Acomayo,Chinchao
90103,Huanuco,Huanuco,Churubamba,Churubamba
90104,Huanuco,Huanuco,Margos,Margos
90105,Huanuco,Huanuco,Huancapallac,Quisqui
90106,Huanuco,Huanuco,Cayrán,San Francisco De Cayran
90107,Huanuco,Huanuco,Chaulán,San Pedro De Chaulan
90108,Huanuco,Huanuco,Santa María del Valle,Santa Maria Del Valle
90109,Huanuco,Huanuco,Yarumayo,Yarumayo
90111,Huanuco,Huanuco,Cayhuayna,Pillco Marca
90112,Huanuco,Huanuco,Yacus,Yacus
90113,Huanuco,Huanuco,San Pablo de Pillao,San Pablo De Pillao
90201,Huanuco,Ambo,Ambo,Ambo
90202,Huanuco,Ambo,Cayna,Cayna
90203,Huanuco,Ambo,Colpas,Colpas
90204,Huanuco,Ambo,Conchamarca,Conchamarca
90205,Huanuco,Ambo,Huacar,Huacar
90206,Huanuco,Ambo,Mosca,San Francisco
90207,Huanuco,Ambo,San Rafael,San Rafael
90208,Huanuco,Ambo,Tomay Kichwa,Tomay Kichwa
90301,Huanuco,Dos De Mayo,La Unión,La Union
90307,Huanuco,Dos De Mayo,Chuquis,Chuquis
90312,Huanuco,Dos De Mayo,Marías,Marias
90314,Huanuco,Dos De Mayo,Pachas,Pachas
90316,Huanuco,Dos De Mayo,Quivilla,Quivilla
90317,Huanuco,Dos De Mayo,Ripan,Ripan
90321,Huanuco,Dos De Mayo,Shunqui,Shunqui
90322,Huanuco,Dos De Mayo,Sillapata,Sillapata
90323,Huanuco,Dos De Mayo,Yanas,Yanas
90901,Huanuco,Huacaybamba,Huacaybamba,Huacaybamba
90903,Huanuco,Huacaybamba,Canchabamba,Canchabamba
90904,Huanuco,Huacaybamba,Cochabamba,Cochabamba
90902,Huanuco,Huacaybamba,Pinra,Pinra
90401,Huanuco,Huamalies,Llata,Llata
90402,Huanuco,Huamalies,Arancay,Arancay
90403,Huanuco,Huamalies,Chavín de Pariarca,Chavin De Pariarca
90404,Huanuco,Huamalies,Jacas Grande,Jacas Grande
90405,Huanuco,Huamalies,Jircan,Jircan
90406,Huanuco,Huamalies,Miraflores,Miraflores
90407,Huanuco,Huamalies,Monzón,Monzon
90408,Huanuco,Huamalies,Punchao,Punchao
90409,Huanuco,Huamalies,Puños,Puños
90410,Huanuco,Huamalies,Singa,Singa
90411,Huanuco,Huamalies,Tantamayo,Tantamayo
90601,Huanuco,Leoncio Prado,Tingo María,Rupa-rupa
90602,Huanuco,Leoncio Prado,Daniel Alomía Robles (Pumahuasi),Daniel Alomias Robles
90603,Huanuco,Leoncio Prado,Hermilio Valdizán,Hermilio Valdizan
90606,Huanuco,Leoncio Prado,Aucayacu,Jose Crespo Y Castillo
90604,Huanuco,Leoncio Prado,Luyando,Luyando
90605,Huanuco,Leoncio Prado,Las Palmas,Mariano Damaso Beraun
90607,Huanuco,Leoncio Prado,Pucayacu,Pucayacu
90608,Huanuco,Leoncio Prado,Castillo Grande,Castillo Grande
90609,Huanuco,Leoncio Prado,Pueblo Nuevo,Pueblo Nuevo
90610,Huanuco,Leoncio Prado,Pacae,Santo Domingo De Anda
90501,Huanuco,Marañon,Huacrachuco,Huacrachuco
90502,Huanuco,Marañon,San Pedro de Chonta,Cholon
90505,Huanuco,Marañon,San Buenaventura,San Buenaventura
90506,Huanuco,Marañon,La Morada,La Morada
90507,Huanuco,Marañon,Santa Rosa de Alto Yanajanca,Santa Rosa De Alto Yanajanca
90701,Huanuco,Pachitea,Panao,Panao
90702,Huanuco,Pachitea,Chaglla,Chaglla
90704,Huanuco,Pachitea,Molino,Molino
90706,Huanuco,Pachitea,Umari (Tambillo),Umari
90802,Huanuco,Puerto Inca,Puerto Inca,Puerto Inca
90803,Huanuco,Puerto Inca,Codo del Pozuzo,Codo Del Pozuzo
90801,Huanuco,Puerto Inca,Honoria,Honoria
90804,Huanuco,Puerto Inca,Tournavista,Tournavista
90805,Huanuco,Puerto Inca,Yuyapichis,Yuyapichis
91001,Huanuco,Lauricocha,Jesús,Jesus
91002,Huanuco,Lauricocha,Baños,Baños
91007,Huanuco,Lauricocha,Jivia,Jivia
91004,Huanuco,Lauricocha,Queropalca,Queropalca
91006,Huanuco,Lauricocha,Rondos,Rondos
91003,Huanuco,Lauricocha,Huarin,San Francisco De Asis
91005,Huanuco,Lauricocha,Cauri,San Miguel De Cauri
91101,Huanuco,Yarowilca,Chavinillo,Chavinillo
91103,Huanuco,Yarowilca,Cahuac,Cahuac
91104,Huanuco,Yarowilca,Chacabamba,Chacabamba
91102,Huanuco,Yarowilca,Chupan,Aparicio Pomares
91105,Huanuco,Yarowilca,San Cristóbal de Jacas Chico,Jacas Chico
91106,Huanuco,Yarowilca,Obas,Obas
91107,Huanuco,Yarowilca,Pampamarca,Pampamarca
91108,Huanuco,Yarowilca,Choras,Choras
100101,Ica,Ica,Ica,Ica
100102,Ica,Ica,La Tinguiña,La Tinguiña
100103,Ica,Ica,Los Aquijes,Los Aquijes
100114,Ica,Ica,Ocucaje,Ocucaje
100113,Ica,Ica,Pampa de Tate,Pachacutec
100104,Ica,Ica,Parcona,Parcona
100105,Ica,Ica,Pueblo Nuevo,Pueblo Nuevo
100106,Ica,Ica,Guadalupe,Salas
100107,Ica,Ica,San José de Los Molinos,San Jose De Los Molinos
100108,Ica,Ica,San Juan Bautista,San Juan Bautista
100109,Ica,Ica,Santiago,Santiago
100110,Ica,Ica,Subtanjalla,Subtanjalla
100112,Ica,Ica,Tate de la Capilla,Tate
100111,Ica,Ica,Curis,Yauca Del Rosario
100201,Ica,Chincha,Chincha Alta,Chincha Alta
100209,Ica,Chincha,Alto Larán,Alto Laran
100202,Ica,Chincha,Chavín,Chavin
100203,Ica,Chincha,Chincha Baja,Chincha Baja
100204,Ica,Chincha,El Carmen,El Carmen
100205,Ica,Chincha,San Pedro,Grocio Prado
100210,Ica,Chincha,Pueblo Nuevo,Pueblo Nuevo
100211,Ica,Chincha,San Juan de Yánac,San Juan De Yanac
100206,Ica,Chincha,San Pedro de Huacarpana,San Pedro De Huacarpana
100207,Ica,Chincha,Sunampe,Sunampe
100208,Ica,Chincha,Tambo de Mora,Tambo De Mora
100301,Ica,Nazca,Nasca,Nazca
100302,Ica,Nazca,Changuillo,Changuillo
100303,Ica,Nazca,El Ingenio,El Ingenio
100304,Ica,Nazca,San Juan,Marcona
100305,Ica,Nazca,Vista Alegre,Vista Alegre
100501,Ica,Palpa,Palpa,Palpa
100502,Ica,Palpa,Llipata,Llipata
100503,Ica,Palpa,Río Grande,Rio Grande
100504,Ica,Palpa,Santa Cruz,Santa Cruz
100505,Ica,Palpa,Tibillo,Tibillo
100401,Ica,Pisco,Pisco,Pisco
100402,Ica,Pisco,Huancano,Huancano
100403,Ica,Pisco,Humay,Humay
100404,Ica,Pisco,Independencia,Independencia
100405,Ica,Pisco,Paracas,Paracas
100406,Ica,Pisco,San Andrés,San Andres
100407,Ica,Pisco,San Clemente,San Clemente
100408,Ica,Pisco,Túpac Amaru,Tupac Amaru Inca
110101,Junin,Huancayo,Huancayo,Huancayo
110103,Junin,Huancayo,Carhuacallanga,Carhuacallanga
110106,Junin,Huancayo,Chacapampa,Chacapampa
110107,Junin,Huancayo,Chicche,Chicche
110108,Junin,Huancayo,Chilca,Chilca
110109,Junin,Huancayo,Chongos Alto,Chongos Alto
110112,Junin,Huancayo,Chupuro,Chupuro
110104,Junin,Huancayo,Colca,Colca
110105,Junin,Huancayo,Cullhuas,Cullhuas
110113,Junin,Huancayo,El Tambo,El Tambo
110114,Junin,Huancayo,Huacrapuquio,Huacrapuquio
110116,Junin,Huancayo,Hualhuas,Hualhuas
110118,Junin,Huancayo,Huancán,Huancan
110119,Junin,Huancayo,Huasicancha,Huasicancha
110120,Junin,Huancayo,Huayucachi,Huayucachi
110121,Junin,Huancayo,Ingenio,Ingenio
110122,Junin,Huancayo,Pariahuanca,Pariahuanca
110123,Junin,Huancayo,Pilcomayo,Pilcomayo
110124,Junin,Huancayo,Pucará,Pucara
110125,Junin,Huancayo,Quichuay,Quichuay
110126,Junin,Huancayo,Quilcas,Quilcas
110127,Junin,Huancayo,San Agustín,San Agustin
110128,Junin,Huancayo,San Jerónimo de Tunán,San Jeronimo De Tunan
110132,Junin,Huancayo,Saño,Saño
110133,Junin,Huancayo,Sapallanga,Sapallanga
110134,Junin,Huancayo,Sicaya,Sicaya
110131,Junin,Huancayo,Santo Domingo de Acobamba,Santo Domingo De Acobamba
110136,Junin,Huancayo,Viques,Viques
110201,Junin,Concepcion,Concepción,Concepcion
110202,Junin,Concepcion,Aco,Aco
110203,Junin,Concepcion,Andamarca,Andamarca
110206,Junin,Concepcion,Chambará,Chambara
110205,Junin,Concepcion,Cochas,Cochas
110204,Junin,Concepcion,Comas,Comas
110207,Junin,Concepcion,San Antonio de Ocopa,Heroinas Toledo
110208,Junin,Concepcion,San Miguel,Manzanares
110209,Junin,Concepcion,Mucllo,Mariscal Castilla
110210,Junin,Concepcion,Matahuasi,Matahuasi
110211,Junin,Concepcion,Mito,Mito
110212,Junin,Concepcion,Santo Domingo del Prado,Nueve De Julio
110213,Junin,Concepcion,Orcotuna,Orcotuna
110215,Junin,Concepcion,San José de Quero,San Jose De Quero
110214,Junin,Concepcion,Santa Rosa,Santa Rosa De Ocopa
110801,Junin,Chanchamayo,La Merced,Chanchamayo
110806,Junin,Chanchamayo,Perené,Perene
110805,Junin,Chanchamayo,Bajo Pichanaqui,Pichanaqui
110804,Junin,Chanchamayo,San Luis de Shuaro,San Luis De Shuaro
110802,Junin,Chanchamayo,San Ramón,San Ramon
110803,Junin,Chanchamayo,Pucará,Vitoc
110301,Junin,Jauja,Jauja,Jauja
110302,Junin,Jauja,Acolla,Acolla
110303,Junin,Jauja,Apata,Apata
110304,Junin,Jauja,Ataura,Ataura
110305,Junin,Jauja,Canchayllo,Canchayllo
110331,Junin,Jauja,El Rosario,Curicaca
110306,Junin,Jauja,Pucucho,El Mantaro
110307,Junin,Jauja,Huamalí,Huamali
110308,Junin,Jauja,Huaripampa,Huaripampa
110309,Junin,Jauja,Huertas,Huertas
110310,Junin,Jauja,Janjaillo,Janjaillo
110311,Junin,Jauja,Julcán,Julcan
110312,Junin,Jauja,Huancani,Leonor Ordoñez
110313,Junin,Jauja,Llocllapampa,Llocllapampa
110314,Junin,Jauja,Marco,Marco
110315,Junin,Jauja,Masma,Masma
110332,Junin,Jauja,Masma Chicche,Masma Chicche
110316,Junin,Jauja,Molinos,Molinos
110317,Junin,Jauja,Monobamba,Monobamba
110318,Junin,Jauja,Muqui,Muqui
110319,Junin,Jauja,Muquiyauyo,Muquiyauyo
110320,Junin,Jauja,Paca,Paca
110321,Junin,Jauja,Paccha,Paccha
110322,Junin,Jauja,Pancán,Pancan
110323,Junin,Jauja,Parco,Parco
110324,Junin,Jauja,Pomacancha,Pomacancha
110325,Junin,Jauja,Ricrán,Ricran
110326,Junin,Jauja,San Lorenzo,San Lorenzo
110327,Junin,Jauja,San Pedro de Chunán,San Pedro De Chunan
110333,Junin,Jauja,Sausa,Sausa
110328,Junin,Jauja,Sincos,Sincos
110329,Junin,Jauja,Concho,Tunan Marca
110330,Junin,Jauja,Yauli,Yauli
110334,Junin,Jauja,Yauyos,Yauyos
110401,Junin,Junin,Junín,Junin
110402,Junin,Junin,Carhuamayo,Carhuamayo
110403,Junin,Junin,Ondores,Ondores
110404,Junin,Junin,Ulcumayo,Ulcumayo
110701,Junin,Satipo,Satipo,Satipo
110702,Junin,Satipo,Coviriali,Coviriali
110703,Junin,Satipo,Llaylla,Llaylla
110704,Junin,Satipo,Mazamari,Mazamari
110705,Junin,Satipo,Mariposa,Pampa Hermosa
110706,Junin,Satipo,San Martín de Pangoa,Pangoa
110707,Junin,Satipo,Río Negro,Rio Negro
110708,Junin,Satipo,Puerto Ocopa,Rio Tambo
110709,Junin,Satipo,San Miguel del Ene,Vizcatan Del Ene
110501,Junin,Tarma,Tarma,Tarma
110502,Junin,Tarma,Acobamba,Acobamba
110503,Junin,Tarma,Huaricolca,Huaricolca
110504,Junin,Tarma,Huasahuasi,Huasahuasi
110505,Junin,Tarma,Leticia,La Union
110506,Junin,Tarma,Palca,Palca
110507,Junin,Tarma,Palcamayo,Palcamayo
110508,Junin,Tarma,San Pedro de Cajas,San Pedro De Cajas
110509,Junin,Tarma,Tapo,Tapo
110601,Junin,Yauli,La Oroya,La Oroya
110602,Junin,Yauli,Chacapalpa,Chacapalpa
110603,Junin,Yauli,Huay-Huay,Huay-huay
110604,Junin,Yauli,Marcapomacocha,Marcapomacocha
110605,Junin,Yauli,Nueva Morococha,Morococha
110606,Junin,Yauli,Paccha,Paccha
110607,Junin,Yauli,Santa Bárbara de Carhuacayán,Santa Barbara De Carhuacayan
110610,Junin,Yauli,Santa Rosa de Sacco,Santa Rosa De Sacco
110608,Junin,Yauli,Suitucancha,Suitucancha
110609,Junin,Yauli,Yauli,Yauli
110901,Junin,Chupaca,Chupaca,Chupaca
110902,Junin,Chupaca,Ahuac,Ahuac
110903,Junin,Chupaca,Chongos Bajo,Chongos Bajo
110904,Junin,Chupaca,Huáchac,Huachac
110905,Junin,Chupaca,Huamancaca Chico,Huamancaca Chico
110906,Junin,Chupaca,Iscos,San Juan De Yscos
110907,Junin,Chupaca,Jarpa,San Juan De Jarpa
110908,Junin,Chupaca,Tres de Diciembre,Tres De Diciembre
110909,Junin,Chupaca,Yanacancha,Yanacancha
120101,La Libertad,Trujillo,Trujillo,Trujillo
120110,La Libertad,Trujillo,El Porvenir,El Porvenir
120112,La Libertad,Trujillo,Florencia de Mora,Florencia De Mora
120102,La Libertad,Trujillo,Huanchaco,Huanchaco
120111,La Libertad,Trujillo,La Esperanza,La Esperanza
120103,La Libertad,Trujillo,Laredo,Laredo
120104,La Libertad,Trujillo,Moche,Moche
120109,La Libertad,Trujillo,Poroto,Poroto
120105,La Libertad,Trujillo,Salaverry,Salaverry
120106,La Libertad,Trujillo,Simbal,Simbal
120107,La Libertad,Trujillo,Buenos Aires,Victor Larco Herrera
120801,La Libertad,Ascope,Ascope,Ascope
120802,La Libertad,Ascope,Chicama,Chicama
120803,La Libertad,Ascope,Chocope,Chocope
120805,La Libertad,Ascope,Magdalena de Cao,Magdalena De Cao
120806,La Libertad,Ascope,Paiján,Paijan
120807,La Libertad,Ascope,Puerto de Malabrigo,Razuri
120804,La Libertad,Ascope,Santiago de Cao,Santiago De Cao
120808,La Libertad,Ascope,Casa Grande,Casa Grande
120201,La Libertad,Bolivar,Bolívar,Bolivar
120202,La Libertad,Bolivar,Bambamarca,Bambamarca
120203,La Libertad,Bolivar,Condormarca,Condormarca
120204,La Libertad,Bolivar,Longotea,Longotea
120206,La Libertad,Bolivar,Uchumarca,Uchumarca
120205,La Libertad,Bolivar,Ucuncha,Ucuncha
120901,La Libertad,Chepen,Chepén,Chepen
120902,La Libertad,Chepen,Pacanga,Pacanga
120903,La Libertad,Chepen,Pueblo Nuevo,Pueblo Nuevo
121001,La Libertad,Julcan,Julcán,Julcan
121003,La Libertad,Julcan,Calamarca,Calamarca
121002,La Libertad,Julcan,Carabamba,Carabamba
121004,La Libertad,Julcan,Huaso,Huaso
120401,La Libertad,Otuzco,Otuzco,Otuzco
120402,La Libertad,Otuzco,Agallpampa,Agallpampa
120403,La Libertad,Otuzco,Charat,Charat
120404,La Libertad,Otuzco,Huaranchal,Huaranchal
120405,La Libertad,Otuzco,La Cuesta,La Cuesta
120413,La Libertad,Otuzco,Mache,Mache
120408,La Libertad,Otuzco,Paranday,Paranday
120409,La Libertad,Otuzco,Salpo,Salpo
120410,La Libertad,Otuzco,Sinsicap,Sinsicap
120411,La Libertad,Otuzco,Usquil,Usquil
120501,La Libertad,Pacasmayo,San Pedro de Lloc,San Pedro De Lloc
120503,La Libertad,Pacasmayo,Guadalupe,Guadalupe
120504,La Libertad,Pacasmayo,Jequetepeque,Jequetepeque
120506,La Libertad,Pacasmayo,Pacasmayo,Pacasmayo
120508,La Libertad,Pacasmayo,San José,San Jose
120601,La Libertad,Pataz,Tayabamba,Tayabamba
120602,La Libertad,Pataz,Buldibuyo,Buldibuyo
120603,La Libertad,Pataz,Chillia,Chillia
120605,La Libertad,Pataz,Huancaspata,Huancaspata
120604,La Libertad,Pataz,Huaylillas,Huaylillas
120606,La Libertad,Pataz,Huayo,Huayo
120607,La Libertad,Pataz,Ongón,Ongon
120608,La Libertad,Pataz,Parcoy,Parcoy
120609,La Libertad,Pataz,Pataz,Pataz
120610,La Libertad,Pataz,Pias,Pias
120613,La Libertad,Pataz,Challas,Santiago De Challas
120611,La Libertad,Pataz,Taurija,Taurija
120612,La Libertad,Pataz,Urpay,Urpay
120301,La Libertad,Sanchez Carrion,Huamachuco,Huamachuco
120304,La Libertad,Sanchez Carrion,Chugay,Chugay
120302,La Libertad,Sanchez Carrion,Aricapampa,Cochorco
120303,La Libertad,Sanchez Carrion,Curgos,Curgos
120305,La Libertad,Sanchez Carrion,Marcabal,Marcabal
120306,La Libertad,Sanchez Carrion,Sanagoran,Sanagoran
120307,La Libertad,Sanchez Carrion,Sarín,Sarin
120308,La Libertad,Sanchez Carrion,Sartimbamba,Sartimbamba
120701,La Libertad,Santiago De Chuco,Santiago de Chuco,Santiago De Chuco
120708,La Libertad,Santiago De Chuco,Angasmarca,Angasmarca
120702,La Libertad,Santiago De Chuco,Cachicadan,Cachicadan
120703,La Libertad,Santiago De Chuco,Mollebamba,Mollebamba
120704,La Libertad,Santiago De Chuco,Mollepata,Mollepata
120705,La Libertad,Santiago De Chuco,Quiruvilca,Quiruvilca
120706,La Libertad,Santiago De Chuco,Santa Cruz de Chuca,Santa Cruz De Chuca
120707,La Libertad,Santiago De Chuco,Sitabamba,Sitabamba
121101,La Libertad,Gran Chimu,Cascas,Cascas
121102,La Libertad,Gran Chimu,Lucma,Lucma
121103,La Libertad,Gran Chimu,Marmot,Marmot
121104,La Libertad,Gran Chimu,Sayapullo,Sayapullo
121201,La Libertad,Viru,Virú,Viru
121202,La Libertad,Viru,Chao,Chao
121203,La Libertad,Viru,Guadalupito,Guadalupito
130101,Lambayeque,Chiclayo,Chiclayo,Chiclayo
130102,Lambayeque,Chiclayo,Chongoyape,Chongoyape
130103,Lambayeque,Chiclayo,Etén,Eten
130104,Lambayeque,Chiclayo,Etén Puerto,Eten Puerto
130112,Lambayeque,Chiclayo,San Carlos,Jose Leonardo Ortiz
130115,Lambayeque,Chiclayo,La Victoria,La Victoria
130105,Lambayeque,Chiclayo,Mocupe,Lagunas
130106,Lambayeque,Chiclayo,Monsefú,Monsefu
130107,Lambayeque,Chiclayo,Nueva Arica,Nueva Arica
130108,Lambayeque,Chiclayo,Oyotún,Oyotun
130109,Lambayeque,Chiclayo,Picsi,Picsi
130110,Lambayeque,Chiclayo,Pimentel,Pimentel
130111,Lambayeque,Chiclayo,Reque,Reque
130113,Lambayeque,Chiclayo,Santa Rosa,Santa Rosa
130114,Lambayeque,Chiclayo,Saña,Saña
130116,Lambayeque,Chiclayo,Cayaltí,Cayalti
130117,Lambayeque,Chiclayo,Patapo,Patapo
130118,Lambayeque,Chiclayo,Pomalca,Pomalca
130119,Lambayeque,Chiclayo,Pucalá,Pucala
130120,Lambayeque,Chiclayo,Tumán,Tuman
130201,Lambayeque,Ferreñafe,Ferreñafe,Ferreñafe
130203,Lambayeque,Ferreñafe,Cañaris,Cañaris
130202,Lambayeque,Ferreñafe,Incahuasi,Incahuasi
130206,Lambayeque,Ferreñafe,Manuel Antonio Mesones Muro,Manuel Antonio Mesones Muro
130204,Lambayeque,Ferreñafe,Pitipo,Pitipo
130205,Lambayeque,Ferreñafe,Pueblo Nuevo,Pueblo Nuevo
130301,Lambayeque,Lambayeque,Lambayeque,Lambayeque
130302,Lambayeque,Lambayeque,Chochope,Chochope
130303,Lambayeque,Lambayeque,Illimo,Illimo
130304,Lambayeque,Lambayeque,Jayanca,Jayanca
130305,Lambayeque,Lambayeque,Mochumi,Mochumi
130306,Lambayeque,Lambayeque,Mórrope,Morrope
130307,Lambayeque,Lambayeque,Motupe,Motupe
130308,Lambayeque,Lambayeque,Olmos,Olmos
130309,Lambayeque,Lambayeque,Pacora,Pacora
130310,Lambayeque,Lambayeque,Salas,Salas
130311,Lambayeque,Lambayeque,San José,San Jose
130312,Lambayeque,Lambayeque,Túcume,Tucume
140101,Lima,Lima,Lima,Lima
140102,Lima,Lima,Ancón,Ancon
140103,Lima,Lima,Vitarte,Ate
140125,Lima,Lima,Barranco,Barranco
140104,Lima,Lima,Breña,Breña
140105,Lima,Lima,Carabayllo,Carabayllo
140107,Lima,Lima,Chaclacayo,Chaclacayo
140108,Lima,Lima,Chorrillos,Chorrillos
140139,Lima,Lima,Cieneguilla,Cieneguilla
140106,Lima,Lima,La Libertad,Comas
140135,Lima,Lima,El Agustino,El Agustino
140134,Lima,Lima,Independencia,Independencia
140133,Lima,Lima,Jesús María,Jesus Maria
140110,Lima,Lima,La Molina,La Molina
140109,Lima,Lima,La Victoria,La Victoria
140111,Lima,Lima,Lince,Lince
140142,Lima,Lima,Las Palmeras,Los Olivos
140112,Lima,Lima,Chosica,Lurigancho
140113,Lima,Lima,Lurín,Lurin
140114,Lima,Lima,Magdalena del Mar,Magdalena Del Mar
140117,Lima,Lima,Pueblo Libre,Pueblo Libre
140115,Lima,Lima,Miraflores,Miraflores
140116,Lima,Lima,Pachacámac,Pachacamac
140118,Lima,Lima,Pucusana,Pucusana
140119,Lima,Lima,Puente Piedra,Puente Piedra
140120,Lima,Lima,Punta Hermosa,Punta Hermosa
140121,Lima,Lima,Punta Negra,Punta Negra
140122,Lima,Lima,Rímac,Rimac
140123,Lima,Lima,San Bartolo,San Bartolo
140140,Lima,Lima,San Francisco de Borja,San Borja
140124,Lima,Lima,San Isidro,San Isidro
140137,Lima,Lima,San Juan de Lurigancho,San Juan De Lurigancho
140136,Lima,Lima,Ciudad de Dios,San Juan De Miraflores
140138,Lima,Lima,San Luis,San Luis
140126,Lima,Lima,Barrio Obrero Industrial,San Martin De Porres
140127,Lima,Lima,San Miguel,San Miguel
140143,Lima,Lima,Santa Anita - Los Ficus,Santa Anita
140128,Lima,Lima,Santa María del Mar,Santa Maria Del Mar
140129,Lima,Lima,Santa Rosa,Santa Rosa
140130,Lima,Lima,Santiago de Surco,Santiago De Surco
140131,Lima,Lima,Surquillo,Surquillo
140141,Lima,Lima,Villa El Salvador,Villa El Salvador
140132,Lima,Lima,Villa María del Triunfo,Villa Maria Del Triunfo
140901,Lima,Barranca,Barranca,Barranca
140902,Lima,Barranca,Paramonga,Paramonga
140903,Lima,Barranca,Pativilca,Pativilca
140904,Lima,Barranca,Supe,Supe
140905,Lima,Barranca,Supe Puerto,Supe Puerto
140201,Lima,Cajatambo,Cajatambo,Cajatambo
140205,Lima,Cajatambo,Copa,Copa
140206,Lima,Cajatambo,Gorgor,Gorgor
140207,Lima,Cajatambo,Huancapón,Huancapon
140208,Lima,Cajatambo,Manas,Manas
140301,Lima,Canta,Canta,Canta
140302,Lima,Canta,Arahuay,Arahuay
140303,Lima,Canta,Huamantanga,Huamantanga
140304,Lima,Canta,Huaros,Huaros
140305,Lima,Canta,Lachaqui,Lachaqui
140306,Lima,Canta,San Buenaventura,San Buenaventura
140307,Lima,Canta,Yangas,Santa Rosa De Quives
140401,Lima,Cañete,San Vicente de Cañete,San Vicente De Cañete
140416,Lima,Cañete,Asia,Asia
140402,Lima,Cañete,Calango,Calango
140403,Lima,Cañete,Cerro Azul,Cerro Azul
140405,Lima,Cañete,Chilca,Chilca
140404,Lima,Cañete,Coayllo,Coayllo
140406,Lima,Cañete,Imperial,Imperial
140407,Lima,Cañete,Lunahuana,Lunahuana
140408,Lima,Cañete,Mala,Mala
140409,Lima,Cañete,Nuevo Imperial,Nuevo Imperial
140410,Lima,Cañete,Pacarán,Pacaran
140411,Lima,Cañete,Quilmana,Quilmana
140412,Lima,Cañete,San Antonio,San Antonio
140413,Lima,Cañete,San Luis,San Luis
140414,Lima,Cañete,Santa Cruz de Flores,Santa Cruz De Flores
140415,Lima,Cañete,Zúñiga,Zuñiga
140801,Lima,Huaral,Huaral,Huaral
140802,Lima,Huaral,Pirca,Atavillos Alto
140803,Lima,Huaral,San Agustín de Huayopampa,Atavillos Bajo
140804,Lima,Huaral,Aucallama,Aucallama
140805,Lima,Huaral,Chancay,Chancay
140806,Lima,Huaral,Ihuari,Ihuari
140807,Lima,Huaral,Lampián,Lampian
140808,Lima,Huaral,Pacaraos,Pacaraos
140809,Lima,Huaral,Acos,San Miguel De Acos
140811,Lima,Huaral,Santa Cruz de Andamarca,Santa Cruz De Andamarca
140812,Lima,Huaral,Sumbilca,Sumbilca
140810,Lima,Huaral,Carac,Veintisiete De Noviembre
140601,Lima,Huarochiri,Matucana,Matucana
140602,Lima,Huarochiri,Antioquía,Antioquia
140603,Lima,Huarochiri,Callahuanca,Callahuanca
140604,Lima,Huarochiri,Carampoma,Carampoma
140607,Lima,Huarochiri,Chicla,Chicla
140606,Lima,Huarochiri,San José de Los Chorrillos,Cuenca
140630,Lima,Huarochiri,San Lorenzo de Huachupampa,Huachupampa
140608,Lima,Huarochiri,Huanza,Huanza
140609,Lima,Huarochiri,Huarochirí,Huarochiri
140610,Lima,Huarochiri,Lahuaytambo,Lahuaytambo
140611,Lima,Huarochiri,Langa,Langa
140631,Lima,Huarochiri,Laraos,Laraos
140612,Lima,Huarochiri,Mariatana,Mariatana
140613,Lima,Huarochiri,Ricardo Palma,Ricardo Palma
140614,Lima,Huarochiri,San Andrés de Tupicocha,San Andres De Tupicocha
140615,Lima,Huarochiri,Chaclla,San Antonio
140616,Lima,Huarochiri,San Bartolomé,San Bartolome
140617,Lima,Huarochiri,San Damián,San Damian
140632,Lima,Huarochiri,San Juan de Iris,San Juan De Iris
140619,Lima,Huarochiri,San Juan de Tantaranche,San Juan De Tantaranche
140620,Lima,Huarochiri,San Lorenzo de Quinti,San Lorenzo De Quinti
140621,Lima,Huarochiri,San Mateo,San Mateo
140622,Lima,Huarochiri,San Juan de Lanca,San Mateo De Otao
140605,Lima,Huarochiri,San Pedro de Casta,San Pedro De Casta
140623,Lima,Huarochiri,San Pedro,San Pedro De Huancayre
140618,Lima,Huarochiri,Sangallaya,Sangallaya
140624,Lima,Huarochiri,Cocachacra,Santa Cruz De Cocachacra
140625,Lima,Huarochiri,Santa Eulalia,Santa Eulalia
140626,Lima,Huarochiri,Santiago de Anchucaya,Santiago De Anchucaya
140627,Lima,Huarochiri,Santiago de Tuna,Santiago De Tuna
140628,Lima,Huarochiri,Santo Domingo de Los Olleros,Santo Domingo De Los Olleros
140629,Lima,Huarochiri,Surco,Surco
140501,Lima,Huaura,Huacho,Huacho
140502,Lima,Huaura,Ámbar,Ambar
140504,Lima,Huaura,Caleta de Carquín,Caleta De Carquin
140505,Lima,Huaura,Maray,Checras
140506,Lima,Huaura,Hualmay,Hualmay
140507,Lima,Huaura,Huaura,Huaura
140508,Lima,Huaura,Santa Cruz,Leoncio Prado
140509,Lima,Huaura,Paccho,Paccho
140511,Lima,Huaura,Jucul,Santa Leonor
140512,Lima,Huaura,Cruz Blanca,Santa Maria
140513,Lima,Huaura,Sayán,Sayan
140516,Lima,Huaura,Vegueta,Vegueta
141001,Lima,Oyon,Oyón,Oyon
141004,Lima,Oyon,Andajes,Andajes
141003,Lima,Oyon,Caujul,Caujul
141006,Lima,Oyon,Cochamarca,Cochamarca
141002,Lima,Oyon,Naván,Navan
141005,Lima,Oyon,Churin,Pachangara
140701,Lima,Yauyos,Yauyos,Yauyos
140702,Lima,Yauyos,Alis,Alis
140703,Lima,Yauyos,Allauca,Ayauca
140704,Lima,Yauyos,Ayaviri,Ayaviri
140705,Lima,Yauyos,Azángaro,Azangaro
140706,Lima,Yauyos,Cacra,Cacra
140707,Lima,Yauyos,Carania,Carania
140733,Lima,Yauyos,Catahuasi,Catahuasi
140710,Lima,Yauyos,Chocos,Chocos
140708,Lima,Yauyos,Cochas,Cochas
140709,Lima,Yauyos,Colonia,Colonia
140730,Lima,Yauyos,Hongos,Hongos
140711,Lima,Yauyos,Huampara,Huampara
140712,Lima,Yauyos,Huancaya,Huancaya
140713,Lima,Yauyos,Huangascar,Huangascar
140714,Lima,Yauyos,Huantan,Huantan
140715,Lima,Yauyos,Huañec,Huañec
140716,Lima,Yauyos,Laraos,Laraos
140717,Lima,Yauyos,Lincha,Lincha
140731,Lima,Yauyos,Madean,Madean
140718,Lima,Yauyos,Miraflores,Miraflores
140719,Lima,Yauyos,Omas,Omas
140732,Lima,Yauyos,San Lorenzo de Putinza,Putinza
140720,Lima,Yauyos,Quinches,Quinches
140721,Lima,Yauyos,Quinocay,Quinocay
140722,Lima,Yauyos,San Joaquín,San Joaquin
140723,Lima,Yauyos,San Pedro de Pilas,San Pedro De Pilas
140724,Lima,Yauyos,Tanta,Tanta
140725,Lima,Yauyos,Tauripampa,Tauripampa
140727,Lima,Yauyos,Tomás,Tomas
140726,Lima,Yauyos,Tupe,Tupe
140728,Lima,Yauyos,Viñac,Viñac
140729,Lima,Yauyos,Vitis,Vitis
150101,Loreto,Maynas,Iquitos,Iquitos
150102,Loreto,Maynas,Santa María de Nanay,Alto Nanay
150103,Loreto,Maynas,Tamshiyacu,Fernando Lores
150110,Loreto,Maynas,Indiana,Indiana
150104,Loreto,Maynas,Francisco de Orellana,Las Amazonas
150105,Loreto,Maynas,Mazán,Mazan
150106,Loreto,Maynas,Santa Clotilde,Napo
150111,Loreto,Maynas,Punchana,Punchana
150107,Loreto,Maynas,Putumayo,Putumayo
150108,Loreto,Maynas,Pantoja,Torres Causana
150112,Loreto,Maynas,Belén,Belen
150113,Loreto,Maynas,San Juan,San Juan Bautista
150114,Loreto,Maynas,Teniente Manuel Clavero,Teniente Manuel Clavero
150201,Loreto,Alto Amazonas,Yurimaguas,Yurimaguas
150202,Loreto,Alto Amazonas,Balsapuerto,Balsapuerto
150205,Loreto,Alto Amazonas,Jeberos,Jeberos
150206,Loreto,Alto Amazonas,Lagunas,Lagunas
150210,Loreto,Alto Amazonas,Santa Cruz,Santa Cruz
150211,Loreto,Alto Amazonas,Shucushuyacu,Teniente Cesar Lopez Rojas
150301,Loreto,Loreto,Nauta,Nauta
150302,Loreto,Loreto,Parinari,Parinari
150303,Loreto,Loreto,Intutu,Tigre
150305,Loreto,Loreto,Villa Trompeteros,Trompeteros
150304,Loreto,Loreto,Concordia,Urarinas
150601,Loreto,Mariscal Ramon Castilla,Caballococha,Ramon Castilla
150602,Loreto,Mariscal Ramon Castilla,Pebas,Pebas
150603,Loreto,Mariscal Ramon Castilla,Amelia,Yavari
150604,Loreto,Mariscal Ramon Castilla,San Pablo de Loreto,San Pablo
150401,Loreto,Requena,Requena,Requena
150402,Loreto,Requena,Santa Elena,Alto Tapiche
150403,Loreto,Requena,Flor de Punga,Capelo
150404,Loreto,Requena,Tamanco,Emilio San Martin
150405,Loreto,Requena,Santa Isabel,Maquia
150406,Loreto,Requena,Bretaña,Puinahua
150407,Loreto,Requena,Bagazan,Saquena
150408,Loreto,Requena,Nueva Alejandría (Curinga),Soplin
150409,Loreto,Requena,Iberia,Tapiche
150410,Loreto,Requena,Jenaro Herrera,Jenaro Herrera
150411,Loreto,Requena,Angamos,Yaquerana
150501,Loreto,Ucayali,Contamana,Contamana
150506,Loreto,Ucayali,Inahuaya,Inahuaya
150503,Loreto,Ucayali,Tiruntan,Padre Marquez
150504,Loreto,Ucayali,Pampa Hermosa,Pampa Hermosa
150505,Loreto,Ucayali,Dos de Mayo,Sarayacu
150502,Loreto,Ucayali,Orellana,Vargas Guerra
150701,Loreto,Datem Del Marañon,San Lorenzo,Barranca
150703,Loreto,Datem Del Marañon,Santa Maria de Cahuapanas,Cahuapanas
150704,Loreto,Datem Del Marañon,Saramiriza,Manseriche
150705,Loreto,Datem Del Marañon,Puerto Alegría,Morona
150706,Loreto,Datem Del Marañon,Ullpayacu,Pastaza
150702,Loreto,Datem Del Marañon,Alianza Cristiana,Andoas
150901,Loreto,Putumayo,San Antonio del Estrecho,Putumayo
150902,Loreto,Putumayo,Santa Mercedes,Rosa Panduro
150903,Loreto,Putumayo,Soplin Vargas,Teniente Manuel Clavero
150904,Loreto,Putumayo,Remanso,Yaguas
160101,Madre De Dios,Tambopata,Puerto Maldonado,Tambopata
160102,Madre De Dios,Tambopata,Mazuko,Inambari
160103,Madre De Dios,Tambopata,Las Piedras (Planchón),Las Piedras
160104,Madre De Dios,Tambopata,Puerto Rosario de Laberinto,Laberinto
160201,Madre De Dios,Manu,Salvación,Manu
160202,Madre De Dios,Manu,Boca Manu,Fitzcarrald
160203,Madre De Dios,Manu,Boca Colorado,Madre De Dios
160204,Madre De Dios,Manu,Huepetuhe,Huepetuhe
160301,Madre De Dios,Tahuamanu,Iñapari,Iñapari
160302,Madre De Dios,Tahuamanu,Iberia,Iberia
160303,Madre De Dios,Tahuamanu,San Lorenzo,Tahuamanu
170101,Moquegua,Mariscal Nieto,Moquegua,Moquegua
170102,Moquegua,Mariscal Nieto,Carumas,Carumas
170103,Moquegua,Mariscal Nieto,Cuchumbaya,Cuchumbaya
170106,Moquegua,Mariscal Nieto,Samegua,Samegua
170104,Moquegua,Mariscal Nieto,Calacoa,San Cristobal
170105,Moquegua,Mariscal Nieto,Torata,Torata
170201,Moquegua,General Sanchez Cerro,Omate,Omate
170203,Moquegua,General Sanchez Cerro,Chojata,Chojata
170202,Moquegua,General Sanchez Cerro,Coalaque,Coalaque
170204,Moquegua,General Sanchez Cerro,Ichuña,Ichuña
170205,Moquegua,General Sanchez Cerro,La Capilla,La Capilla
170206,Moquegua,General Sanchez Cerro,Lloque,Lloque
170207,Moquegua,General Sanchez Cerro,Matalaque,Matalaque
170208,Moquegua,General Sanchez Cerro,Puquina,Puquina
170209,Moquegua,General Sanchez Cerro,Quinistaquillas,Quinistaquillas
170210,Moquegua,General Sanchez Cerro,Ubinas,Ubinas
170211,Moquegua,General Sanchez Cerro,Yunga,Yunga
170301,Moquegua,Ilo,Ilo,Ilo
170302,Moquegua,Ilo,El Algarrobal,El Algarrobal
170303,Moquegua,Ilo,Pueblo Nuevo,Pacocha
180101,Pasco,Pasco,Cerro de Pasco,Chaupimarca
180103,Pasco,Pasco,Huachón,Huachon
180104,Pasco,Pasco,Huariaca,Huariaca
180105,Pasco,Pasco,Huayllay,Huayllay
180106,Pasco,Pasco,Ninacaca,Ninacaca
180107,Pasco,Pasco,Pallanchacra,Pallanchacra
180108,Pasco,Pasco,Paucartambo,Paucartambo
180109,Pasco,Pasco,Yarusyacán,San Francisco De Asis De Yarusyacan
180110,Pasco,Pasco,San Antonio de Rancas,Simon Bolivar
180111,Pasco,Pasco,Ticlacayán,Ticlacayan
180112,Pasco,Pasco,Tinyahuarco (Smelter),Tinyahuarco
180113,Pasco,Pasco,Vicco,Vicco
180114,Pasco,Pasco,Yanacancha,Yanacancha
180201,Pasco,Daniel Alcides Carrion,Yanahuanca,Yanahuanca
180202,Pasco,Daniel Alcides Carrion,Chacayán,Chacayan
180203,Pasco,Daniel Alcides Carrion,Goyllarisquizga,Goyllarisquizga
180204,Pasco,Daniel Alcides Carrion,Paucar,Paucar
180205,Pasco,Daniel Alcides Carrion,San Pedro de Pillao,San Pedro De Pillao
180206,Pasco,Daniel Alcides Carrion,Santa Ana de Tusi,Santa Ana De Tusi
180207,Pasco,Daniel Alcides Carrion,Tapuc,Tapuc
180208,Pasco,Daniel Alcides Carrion,Vilcabamba,Vilcabamba
180301,Pasco,Oxapampa,Oxapampa,Oxapampa
180302,Pasco,Oxapampa,Chontabamba,Chontabamba
180303,Pasco,Oxapampa,Huancabamba,Huancabamba
180307,Pasco,Oxapampa,Iscozacin,Palcazu
180306,Pasco,Oxapampa,Pozuzo,Pozuzo
180304,Pasco,Oxapampa,Puerto Bermúdez,Puerto Bermudez
180305,Pasco,Oxapampa,Villa Rica,Villa Rica
180308,Pasco,Oxapampa,Constitución,Constitucion
190101,Piura,Piura,Piura,Piura
190103,Piura,Piura,Castilla,Castilla
190104,Piura,Piura,Catacaos,Catacaos
190113,Piura,Piura,Cucungara,Cura Mori
190114,Piura,Piura,Sinchao,El Tallan
190105,Piura,Piura,La Arena,La Arena
190106,Piura,Piura,La Unión,La Union
190107,Piura,Piura,Las Lomas,Las Lomas
190109,Piura,Piura,Tambo Grande,Tambo Grande
190115,Piura,Piura,San Martín,Veintiseis De Octubre
190201,Piura,Ayabaca,Ayabaca,Ayabaca
190202,Piura,Ayabaca,Frías,Frias
190209,Piura,Ayabaca,Jilili,Jilili
190203,Piura,Ayabaca,Lagunas,Lagunas
190204,Piura,Ayabaca,Montero,Montero
190205,Piura,Ayabaca,Pacaipampa,Pacaipampa
190210,Piura,Ayabaca,Paimas,Paimas
190206,Piura,Ayabaca,Sapillica,Sapillica
190207,Piura,Ayabaca,Sicchez,Sicchez
190208,Piura,Ayabaca,Suyo,Suyo
190301,Piura,Huancabamba,Huancabamba,Huancabamba
190302,Piura,Huancabamba,Canchaque,Canchaque
190306,Piura,Huancabamba,Sapalache,El Carmen De La Frontera
190303,Piura,Huancabamba,Huarmaca,Huarmaca
190308,Piura,Huancabamba,Tunal,Lalaquiz
190307,Piura,Huancabamba,San Miguel De El Faique,San Miguel De El Faique
190304,Piura,Huancabamba,Sondor,Sondor
190305,Piura,Huancabamba,Sondorillo,Sondorillo
190401,Piura,Morropon,Chulucanas,Chulucanas
190402,Piura,Morropon,Buenos Aires,Buenos Aires
190403,Piura,Morropon,Chalaco,Chalaco
190408,Piura,Morropon,La Matanza,La Matanza
190404,Piura,Morropon,Morropón,Morropon
190405,Piura,Morropon,Salitral,Salitral
190410,Piura,Morropon,Bigote,San Juan De Bigote
190406,Piura,Morropon,Paltashaco,Santa Catalina De Mossa
190407,Piura,Morropon,Santo Domingo,Santo Domingo
190409,Piura,Morropon,Yamango,Yamango
190501,Piura,Paita,Paita,Paita
190502,Piura,Paita,Amotape,Amotape
190503,Piura,Paita,Arenal,Arenal
190505,Piura,Paita,San Lucas (Pueblo Nuevo de Colán),Colan
190504,Piura,Paita,La Huaca,La Huaca
190506,Piura,Paita,Tamarindo,Tamarindo
190507,Piura,Paita,San Felipe de Vichayal,Vichayal
190601,Piura,Sullana,Sullana,Sullana
190602,Piura,Sullana,Bellavista,Bellavista
190608,Piura,Sullana,San Jacinto,Ignacio Escudero
190603,Piura,Sullana,Lancones,Lancones
190604,Piura,Sullana,Marcavelica,Marcavelica
190605,Piura,Sullana,Sojo,Miguel Checa
190606,Piura,Sullana,Querecotillo,Querecotillo
190607,Piura,Sullana,Salitral,Salitral
190701,Piura,Talara,Talara,Pariñas
190702,Piura,Talara,El Alto,El Alto
190703,Piura,Talara,Negritos,La Brea
190704,Piura,Talara,Lobitos,Lobitos
190706,Piura,Talara,Los Órganos,Los Organos
190705,Piura,Talara,Máncora,Mancora
190801,Piura,Sechura,Sechura,Sechura
190804,Piura,Sechura,Bellavista,Bellavista De La Union
190803,Piura,Sechura,Bernal,Bernal
190805,Piura,Sechura,San Cristo,Cristo Nos Valga
190802,Piura,Sechura,Vice,Vice
190806,Piura,Sechura,Dos Pueblos,Rinconada Llicuar
200101,Puno,Puno,Puno,Puno
200102,Puno,Puno,Acora,Acora
200115,Puno,Puno,Amantani,Amantani
200103,Puno,Puno,Atuncolla,Atuncolla
200104,Puno,Puno,Capachica,Capachica
200106,Puno,Puno,Chucuito,Chucuito
200105,Puno,Puno,Coata,Coata
200107,Puno,Puno,Huata,Huata
200108,Puno,Puno,Mañazo,Mañazo
200109,Puno,Puno,Paucarcolla,Paucarcolla
200110,Puno,Puno,Laraqueri,Pichacani
200114,Puno,Puno,Platería,Plateria
200111,Puno,Puno,San Antonio de Esquilache,San Antonio
200112,Puno,Puno,Tiquillaca,Tiquillaca
200113,Puno,Puno,Vilque,Vilque
200201,Puno,Azangaro,Azángaro,Azangaro
200202,Puno,Azangaro,Achaya,Achaya
200203,Puno,Azangaro,Arapa,Arapa
200204,Puno,Azangaro,Asillo,Asillo
200205,Puno,Azangaro,Caminaca,Caminaca
200206,Puno,Azangaro,Chupa,Chupa
200207,Puno,Azangaro,Estación de Pucará,Jose Domingo Choquehuanca
200208,Puno,Azangaro,Muñani,Muñani
200210,Puno,Azangaro,Potoni,Potoni
200212,Puno,Azangaro,Samán,Saman
200213,Puno,Azangaro,San Antón,San Anton
200214,Puno,Azangaro,San José,San Jose
200215,Puno,Azangaro,San Juan de Salinas,San Juan De Salinas
200216,Puno,Azangaro,Santiago de Pupuja,Santiago De Pupuja
200217,Puno,Azangaro,Tirapata,Tirapata
200301,Puno,Carabaya,Macusani,Macusani
200302,Puno,Carabaya,Ajoyani,Ajoyani
200303,Puno,Carabaya,Ayapata,Ayapata
200304,Puno,Carabaya,Coasa,Coasa
200305,Puno,Carabaya,Corani,Corani
200306,Puno,Carabaya,Crucero,Crucero
200307,Puno,Carabaya,Ituata,Ituata
200308,Puno,Carabaya,Ollachea,Ollachea
200309,Puno,Carabaya,Lanlacuni Bajo,San Gaban
200310,Puno,Carabaya,Usicayos,Usicayos
200401,Puno,Chucuito,Juli,Juli
200402,Puno,Chucuito,Desaguadero,Desaguadero
200403,Puno,Chucuito,Huacullani,Huacullani
200412,Puno,Chucuito,Kelluyo,Kelluyo
200406,Puno,Chucuito,Pisacoma,Pisacoma
200407,Puno,Chucuito,Pomata,Pomata
200410,Puno,Chucuito,Zepita,Zepita
201201,Puno,El Collao,Ilave,Ilave
201204,Puno,El Collao,Capazo,Capazo
201202,Puno,El Collao,Pilcuyo,Pilcuyo
201203,Puno,El Collao,Mazo Cruz,Santa Rosa
201205,Puno,El Collao,Conduriri,Conduriri
200501,Puno,Huancane,Huancané,Huancane
200502,Puno,Huancane,Cojata,Cojata
200511,Puno,Huancane,Huatasani,Huatasani
200504,Puno,Huancane,Inchupalla,Inchupalla
200506,Puno,Huancane,Pusi,Pusi
200507,Puno,Huancane,Rosaspata,Rosaspata
200508,Puno,Huancane,Taraco,Taraco
200509,Puno,Huancane,Vilque Chico,Vilque Chico
200601,Puno,Lampa,Lampa,Lampa
200602,Puno,Lampa,Cabanilla,Cabanilla
200603,Puno,Lampa,Calapuja,Calapuja
200604,Puno,Lampa,Nicasio,Nicasio
200605,Puno,Lampa,Ocuviri,Ocuviri
200606,Puno,Lampa,Palca,Palca
200607,Puno,Lampa,Paratia,Paratia
200608,Puno,Lampa,Pucará,Pucara
200609,Puno,Lampa,Santa Lucía,Santa Lucia
200610,Puno,Lampa,Vilavila,Vilavila
200701,Puno,Melgar,Ayaviri,Ayaviri
200702,Puno,Melgar,Antauta,Antauta
200703,Puno,Melgar,Cupi,Cupi
200704,Puno,Melgar,Llalli,Llalli
200705,Puno,Melgar,Macari,Macari
200706,Puno,Melgar,Nuñoa,Nuñoa
200707,Puno,Melgar,Orurillo,Orurillo
200708,Puno,Melgar,Santa Rosa,Santa Rosa
200709,Puno,Melgar,Umachiri,Umachiri
201301,Puno,Moho,Moho,Moho
201302,Puno,Moho,Conima,Conima
201304,Puno,Moho,Huayrapata,Huayrapata
201303,Puno,Moho,Tilali,Tilali
201101,Puno,San Antonio De Putina,Putina,Putina
201104,Puno,San Antonio De Putina,Ananea,Ananea
201102,Puno,San Antonio De Putina,Ayrampuni,Pedro Vilca Apaza
201103,Puno,San Antonio De Putina,Quilcapuncu,Quilcapuncu
201105,Puno,San Antonio De Putina,Sina,Sina
200901,Puno,San Roman,Juliaca,Juliaca
200902,Puno,San Roman,Cabana,Cabana
200903,Puno,San Roman,Deustua,Cabanillas
200904,Puno,San Roman,Caracoto,Caracoto
200905,Puno,San Roman,San Miguel,San Miguel
200801,Puno,Sandia,Sandia,Sandia
200803,Puno,Sandia,Cuyocuyo,Cuyocuyo
200804,Puno,Sandia,Limbani,Limbani
200806,Puno,Sandia,Patambuco,Patambuco
200805,Puno,Sandia,Phara,Phara
200807,Puno,Sandia,Quiaca,Quiaca
200808,Puno,Sandia,San Juan del Oro,San Juan Del Oro
200810,Puno,Sandia,Yanahuaya,Yanahuaya
200811,Puno,Sandia,Massiapo,Alto Inambari
200812,Puno,Sandia,Putina Punco,San Pedro De Putina Punco
201001,Puno,Yunguyo,Yunguyo,Yunguyo
201003,Puno,Yunguyo,Anapia,Anapia
201004,Puno,Yunguyo,Copani,Copani
201005,Puno,Yunguyo,San Juan de Cuturapi,Cuturapi
201006,Puno,Yunguyo,San Miguel de Ollaraya,Ollaraya
201007,Puno,Yunguyo,Tinicachi,Tinicachi
201002,Puno,Yunguyo,Marcaja,Unicachi
210101,San Martin,Moyobamba,Moyobamba,Moyobamba
210102,San Martin,Moyobamba,Calzada,Calzada
210103,San Martin,Moyobamba,Habana,Habana
210104,San Martin,Moyobamba,Jepelacio,Jepelacio
210105,San Martin,Moyobamba,Soritor,Soritor
210106,San Martin,Moyobamba,Yantalo,Yantalo
210701,San Martin,Bellavista,Bellavista,Bellavista
210704,San Martin,Bellavista,Cuzco,Alto Biavo
210706,San Martin,Bellavista,Nuevo Lima,Bajo Biavo
210705,San Martin,Bellavista,Ledoy,Huallaga
210703,San Martin,Bellavista,San Pablo,San Pablo
210702,San Martin,Bellavista,San Rafael,San Rafael
211001,San Martin,El Dorado,San José de Sisa,San Jose De Sisa
211002,San Martin,El Dorado,Agua Blanca,Agua Blanca
211004,San Martin,El Dorado,San Martín,San Martin
211005,San Martin,El Dorado,Santa Rosa,Santa Rosa
211003,San Martin,El Dorado,Shatoja,Shatoja
210201,San Martin,Huallaga,Saposoa,Saposoa
210205,San Martin,Huallaga,Pasarraya,Alto Saposoa
210206,San Martin,Huallaga,El Eslabón,El Eslabon
210202,San Martin,Huallaga,Piscoyacu,Piscoyacu
210203,San Martin,Huallaga,Sacanche,Sacanche
210204,San Martin,Huallaga,Tingo de Saposoa,Tingo De Saposoa
210301,San Martin,Lamas,Lamas,Lamas
210315,San Martin,Lamas,Roque,Alonso De Alvarado
210303,San Martin,Lamas,Barranquita,Barranquita
210304,San Martin,Lamas,Pongo de Caynarachi,Caynarachi
210305,San Martin,Lamas,Cuñumbuqui,Cuñumbuqui
210306,San Martin,Lamas,Pinto Recodo,Pinto Recodo
210307,San Martin,Lamas,Rumisapa,Rumisapa
210316,San Martin,Lamas,San Roque de Cumbaza,San Roque De Cumbaza
210311,San Martin,Lamas,Shanao,Shanao
210313,San Martin,Lamas,Tabalosos,Tabalosos
210314,San Martin,Lamas,Zapatero,Zapatero
210401,San Martin,Mariscal Caceres,Juanjuí,Juanjui
210402,San Martin,Mariscal Caceres,Campanilla,Campanilla
210403,San Martin,Mariscal Caceres,Huicungo,Huicungo
210404,San Martin,Mariscal Caceres,Pachiza,Pachiza
210405,San Martin,Mariscal Caceres,Pajarillo,Pajarillo
210901,San Martin,Picota,Picota,Picota
210902,San Martin,Picota,Buenos Aires,Buenos Aires
210903,San Martin,Picota,Caspisapa,Caspisapa
210904,San Martin,Picota,Pilluana,Pilluana
210905,San Martin,Picota,Pucacaca,Pucacaca
210906,San Martin,Picota,Puerto Rico,San Cristobal
210907,San Martin,Picota,San Cristóbal de Sisa,San Hilarion
210910,San Martin,Picota,Shamboyacu,Shamboyacu
210908,San Martin,Picota,Tingo de Ponasa,Tingo De Ponasa
210909,San Martin,Picota,Tres Unidos,Tres Unidos
210501,San Martin,Rioja,Rioja,Rioja
210509,San Martin,Rioja,Bajo Naranjillo,Awajun
210506,San Martin,Rioja,Segunda Jerusalen-Azunguillo,Elias Soplin Vargas
210505,San Martin,Rioja,Nueva Cajamarca,Nueva Cajamarca
210508,San Martin,Rioja,Naranjos,Pardo Miguel
210502,San Martin,Rioja,Posic,Posic
210507,San Martin,Rioja,San Fernando,San Fernando
210503,San Martin,Rioja,Yorongos,Yorongos
210504,San Martin,Rioja,Yuracyacu,Yuracyacu
210601,San Martin,San Martin,Tarapoto,Tarapoto
210602,San Martin,San Martin,Utcurarca,Alberto Leveau
210604,San Martin,San Martin,Cacatachi,Cacatachi
210606,San Martin,San Martin,Chazuta,Chazuta
210607,San Martin,San Martin,Navarro,Chipurana
210608,San Martin,San Martin,Pelejo,El Porvenir
210609,San Martin,San Martin,Huimbayoc,Huimbayoc
210610,San Martin,San Martin,Juan Guerra,Juan Guerra
210621,San Martin,San Martin,La Banda,La Banda De Shilcayo
210611,San Martin,San Martin,Morales,Morales
210612,San Martin,San Martin,Papaplaya,Papaplaya
210616,San Martin,San Martin,San Antonio,San Antonio
210619,San Martin,San Martin,Sauce,Sauce
210620,San Martin,San Martin,Shapaja,Shapaja
210801,San Martin,Tocache,Tocache,Tocache
210802,San Martin,Tocache,Nuevo Progreso,Nuevo Progreso
210803,San Martin,Tocache,Pólvora,Polvora
210804,San Martin,Tocache,Tambo de Paja,Shunte
210805,San Martin,Tocache,Uchiza,Uchiza
210806,San Martin,Tocache,Santa Lucia,Santa Lucia
220101,Tacna,Tacna,Tacna,Tacna
220111,Tacna,Tacna,La Esperanza,Alto De La Alianza
220102,Tacna,Tacna,Calana,Calana
220112,Tacna,Tacna,Ciudad Nueva,Ciudad Nueva
220104,Tacna,Tacna,Sama Grande,Inclan
220107,Tacna,Tacna,Pachia,Pachia
220108,Tacna,Tacna,Palca,Palca
220109,Tacna,Tacna,Pocollay,Pocollay
220110,Tacna,Tacna,Las Yaras,Sama
220113,Tacna,Tacna,Alfonso Ugarte,Coronel Gregorio Albarracin Lanchipa
220114,Tacna,Tacna,Los Palos,La Yarada Los Palos
220401,Tacna,Candarave,Candarave,Candarave
220402,Tacna,Candarave,Cairani,Cairani
220406,Tacna,Candarave,Alto Camilaca,Camilaca
220403,Tacna,Candarave,Curibaya,Curibaya
220404,Tacna,Candarave,Huanuara,Huanuara
220405,Tacna,Candarave,Quilahuani,Quilahuani
220301,Tacna,Jorge Basadre,Locumba,Locumba
220303,Tacna,Jorge Basadre,Ilabaya,Ilabaya
220302,Tacna,Jorge Basadre,Ite,Ite
220201,Tacna,Tarata,Tarata,Tarata
220205,Tacna,Tarata,Chucatamani,Heroes Albarracin Chucatamani
220206,Tacna,Tarata,Estique,Estique
220207,Tacna,Tarata,Estique-Pampa,Estique-pampa
220210,Tacna,Tarata,Sitajara,Sitajara
220211,Tacna,Tarata,Susapaya,Susapaya
220212,Tacna,Tarata,Tarucachi,Tarucachi
220213,Tacna,Tarata,Ticaco,Ticaco
230101,Tumbes,Tumbes,Tumbes,Tumbes
230102,Tumbes,Tumbes,San Pedro de Los Incas,Corrales
230103,Tumbes,Tumbes,Caleta Cruz,La Cruz
230104,Tumbes,Tumbes,Pampas de Hospital,Pampas De Hospital
230105,Tumbes,Tumbes,San Jacinto,San Jacinto
230106,Tumbes,Tumbes,San Juan de La Virgen,San Juan De La Virgen
230201,Tumbes,Contralmirante Villar,Zorritos,Zorritos
230202,Tumbes,Contralmirante Villar,Cañaveral,Casitas
230203,Tumbes,Contralmirante Villar,Cancas,Canoas De Punta Sal
230301,Tumbes,Zarumilla,Zarumilla,Zarumilla
230304,Tumbes,Zarumilla,Aguas Verdes,Aguas Verdes
230302,Tumbes,Zarumilla,Matapalo,Matapalo
230303,Tumbes,Zarumilla,Papayal,Papayal
250101,Ucayali,Coronel Portillo,Pucallpa,Calleria
250104,Ucayali,Coronel Portillo,Campoverde,Campoverde
250105,Ucayali,Coronel Portillo,Iparia,Iparia
250103,Ucayali,Coronel Portillo,Masisea,Masisea
250102,Ucayali,Coronel Portillo,Puerto Callao,Yarinacocha
250106,Ucayali,Coronel Portillo,Nueva Requena,Nueva Requena
250107,Ucayali,Coronel Portillo,San Fernando,Manantay
250301,Ucayali,Atalaya,Atalaya,Raymondi
250304,Ucayali,Atalaya,Sepahua,Sepahua
250302,Ucayali,Atalaya,Bolognesi,Tahuania
250303,Ucayali,Atalaya,Breu,Yurua
250201,Ucayali,Padre Abad,Aguaytía,Padre Abad
250202,Ucayali,Padre Abad,San Alejandro,Irazola
250203,Ucayali,Padre Abad,Curimaná,Curimana
250204,Ucayali,Padre Abad,Monte Alegre,Neshuya
250205,Ucayali,Padre Abad,Alexander von Humboldt,Alexander Von Humboldt
250207,Ucayali,Padre Abad,Huipoca,Huipoca
250206,Ucayali,Padre Abad,Boqueron,Boqueron
250401,Ucayali,Purus,Esperanza,Purus
170107,Moquegua,Mariscal Nieto,San Antonio,San Antonio
